Movie_Rank,Movie_Title,Movie_Description,Movie_Release_Year,Movie_Review_Rating,Movie_Rating_Count,Movie_Content_Rating,Movie_Genres,Movie_Runtime_Duration,Movie_Runtime_Duration_Minutes,Movie_Link,Movie_Title_Number,Movie_Image_URL
1,The Shawshank Redemption,"A banker convicted of uxoricide forms a friendship over a quarter century with a hardened convict, while maintaining his innocence and trying to remain hopeful through simple compassion.",N/A,9.3,3071889,R,Drama,PT2H22M,142,https://www.imdb.com/title/tt0111161/,tt0111161,https://m.media-amazon.com/images/M/MV5BMDAyY2FhYjctNDc5OS00MDNlLThiMGUtY2UxYWVkNGY2ZjljXkEyXkFqcGc@._V1_.jpg
2,The Godfather,The aging patriarch of an organized crime dynasty transfers control of his clandestine empire to his reluctant son.,N/A,9.2,2143153,R,"Crime, Drama",PT2H55M,175,https://www.imdb.com/title/tt0068646/,tt0068646,https://m.media-amazon.com/images/M/MV5BNGEwYjgwOGQtYjg5ZS00Njc1LTk2ZGEtM2QwZWQ2NjdhZTE5XkEyXkFqcGc@._V1_.jpg
3,The Dark Knight,"When a menace known as the Joker wreaks havoc and chaos on the people of Gotham, Batman, James Gordon and Harvey Dent must work together to put an end to the madness.",N/A,9.0,3045942,PG-13,"Action, Crime, Drama",PT2H32M,152,https://www.imdb.com/title/tt0468569/,tt0468569,https://m.media-amazon.com/images/M/MV5BMTMxNTMwODM0NF5BMl5BanBnXkFtZTcwODAyMTk2Mw@@._V1_.jpg
4,The Godfather Part II,"The early life and career of Vito Corleone in 1920s New York City is portrayed, while his son, Michael, expands and tightens his grip on the family crime syndicate.",N/A,9.0,1441699,R,"Crime, Drama",PT3H22M,202,https://www.imdb.com/title/tt0071562/,tt0071562,https://m.media-amazon.com/images/M/MV5BMDIxMzBlZDktZjMxNy00ZGI4LTgxNDEtYWRlNzRjMjJmOGQ1XkEyXkFqcGc@._V1_.jpg
5,12 Angry Men,The jury in a New York City murder trial is frustrated by a single member whose skeptical caution forces them to more carefully consider the evidence before jumping to a hasty verdict.,N/A,9.0,937791,Approved,"Crime, Drama",PT1H36M,96,https://www.imdb.com/title/tt0050083/,tt0050083,https://m.media-amazon.com/images/M/MV5BYjE4NzdmOTYtYjc5Yi00YzBiLWEzNDEtNTgxZGQ2MWVkN2NiXkEyXkFqcGc@._V1_.jpg
6,The Lord of the Rings: The Return of the King,Gandalf and Aragorn lead the World of Men against Sauron&apos;s army to draw his gaze from Frodo and Sam as they approach Mount Doom with the One Ring.,N/A,9.0,2093082,PG-13,"Adventure, Drama, Fantasy",PT3H21M,201,https://www.imdb.com/title/tt0167260/,tt0167260,https://m.media-amazon.com/images/M/MV5BMTZkMjBjNWMtZGI5OC00MGU0LTk4ZTItODg2NWM3NTVmNWQ4XkEyXkFqcGc@._V1_.jpg
7,Schindler&apos;s List,"In German-occupied Poland during World War II, industrialist Oskar Schindler gradually becomes concerned for his Jewish workforce after witnessing their persecution by the Nazis.",N/A,9.0,1535549,R,"Biography, Drama, History",PT3H15M,195,https://www.imdb.com/title/tt0108052/,tt0108052,https://m.media-amazon.com/images/M/MV5BNjM1ZDQxYWUtMzQyZS00MTE1LWJmZGYtNGUyNTdlYjM3ZmVmXkEyXkFqcGc@._V1_.jpg
8,Pulp Fiction,"The lives of two mob hitmen, a boxer, a gangster and his wife, and a pair of diner bandits intertwine in four tales of violence and redemption.",N/A,8.8,2352923,R,"Crime, Drama",PT2H34M,154,https://www.imdb.com/title/tt0110912/,tt0110912,https://m.media-amazon.com/images/M/MV5BYTViYTE3ZGQtNDBlMC00ZTAyLTkyODMtZGRiZDg0MjA2YThkXkEyXkFqcGc@._V1_.jpg
9,The Lord of the Rings: The Fellowship of the Ring,A meek Hobbit from the Shire and eight companions set out on a journey to destroy the powerful One Ring and save Middle-earth from the Dark Lord Sauron.,N/A,8.9,2125005,PG-13,"Adventure, Drama, Fantasy",PT2H58M,178,https://www.imdb.com/title/tt0120737/,tt0120737,https://m.media-amazon.com/images/M/MV5BNzIxMDQ2YTctNDY4MC00ZTRhLTk4ODQtMTVlOWY4NTdiYmMwXkEyXkFqcGc@._V1_.jpg
10,"Il buono, il brutto, il cattivo",A bounty-hunting scam joins two men in an uneasy alliance against a third in a race to find a fortune in gold buried in a remote cemetery.,N/A,8.8,861936,R,"Adventure, Drama, Western",PT2H58M,178,https://www.imdb.com/title/tt0060196/,tt0060196,https://m.media-amazon.com/images/M/MV5BMWM5ZjQxM2YtNDlmYi00ZDNhLWI4MWUtN2VkYjBlMTY1ZTkwXkEyXkFqcGc@._V1_.jpg
11,Forrest Gump,"The history of the United States from the 1950s to the &apos;70s unfolds from the perspective of an Alabama man with an IQ of 75, who yearns to be reunited with his childhood sweetheart.",N/A,8.8,2399012,PG-13,"Drama, Romance",PT2H22M,142,https://www.imdb.com/title/tt0109830/,tt0109830,https://m.media-amazon.com/images/M/MV5BNDYwNzVjMTItZmU5YS00YjQ5LTljYjgtMjY2NDVmYWMyNWFmXkEyXkFqcGc@._V1_.jpg
12,The Lord of the Rings: The Two Towers,"While Frodo and Sam edge closer to Mordor with the help of the shifty Gollum, the divided fellowship makes a stand against Sauron&apos;s new ally, Saruman, and his hordes of Isengard.",N/A,8.8,1887778,PG-13,"Adventure, Drama, Fantasy",PT2H59M,179,https://www.imdb.com/title/tt0167261/,tt0167261,https://m.media-amazon.com/images/M/MV5BMGQxMDdiOWUtYjc1Ni00YzM1LWE2NjMtZTg3Y2JkMjEzMTJjXkEyXkFqcGc@._V1_.jpg
13,Fight Club,An insomniac office worker and a devil-may-care soap maker form an underground fight club that evolves into much more.,N/A,8.8,2490247,R,"Crime, Drama, Thriller",PT2H19M,139,https://www.imdb.com/title/tt0137523/,tt0137523,https://m.media-amazon.com/images/M/MV5BOTgyOGQ1NDItNGU3Ny00MjU3LTg2YWEtNmEyYjBiMjI1Y2M5XkEyXkFqcGc@._V1_.jpg
14,Inception,"A thief who steals corporate secrets through the use of dream-sharing technology is given the inverse task of planting an idea into the mind of a C.E.O., but his tragic past may doom the project and his team to disaster.",N/A,8.8,2706829,PG-13,"Action, Adventure, Sci-Fi",PT2H28M,148,https://www.imdb.com/title/tt1375666/,tt1375666,https://m.media-amazon.com/images/M/MV5BMjAxMzY3NjcxNF5BMl5BanBnXkFtZTcwNTI5OTM0Mw@@._V1_.jpg
15,Star Wars: Episode V - The Empire Strikes Back,"After the Empire overpowers the Rebel Alliance, Luke Skywalker begins training with Jedi Master Yoda, while Darth Vader and bounty hunter Boba Fett pursue his friends across the galaxy.",N/A,8.7,1455274,PG,"Action, Adventure, Fantasy",PT2H4M,124,https://www.imdb.com/title/tt0080684/,tt0080684,https://m.media-amazon.com/images/M/MV5BMTkxNGFlNDktZmJkNC00MDdhLTg0MTEtZjZiYWI3MGE5NWIwXkEyXkFqcGc@._V1_.jpg
16,The Matrix,"When a beautiful stranger leads computer hacker Neo to a forbidding underworld, he discovers the shocking truth--the life he knows is the elaborate deception of an evil cyber-intelligence.",N/A,8.7,2171052,R,"Action, Sci-Fi",PT2H16M,136,https://www.imdb.com/title/tt0133093/,tt0133093,https://m.media-amazon.com/images/M/MV5BN2NmN2VhMTQtMDNiOS00NDlhLTliMjgtODE2ZTY0ODQyNDRhXkEyXkFqcGc@._V1_.jpg
17,GoodFellas,"The story of Henry Hill and his life in the mafia, covering his relationship with his wife Karen and his mob partners Jimmy Conway and Tommy DeVito.",N/A,8.7,1337973,R,"Biography, Crime, Drama",PT2H25M,145,https://www.imdb.com/title/tt0099685/,tt0099685,https://m.media-amazon.com/images/M/MV5BN2E5NzI2ZGMtY2VjNi00YTRjLWI1MDUtZGY5OWU1MWJjZjRjXkEyXkFqcGc@._V1_.jpg
18,Interstellar,"When Earth becomes uninhabitable in the future, a farmer and ex-NASA pilot, Joseph Cooper, is tasked to pilot a spacecraft, along with a team of researchers, to find a new planet for humans.",N/A,8.7,2373730,PG-13,"Adventure, Drama, Sci-Fi",PT2H49M,169,https://www.imdb.com/title/tt0816692/,tt0816692,https://m.media-amazon.com/images/M/MV5BYzdjMDAxZGItMjI2My00ODA1LTlkNzItOWFjMDU5ZDJlYWY3XkEyXkFqcGc@._V1_.jpg
19,One Flew Over the Cuckoo&apos;s Nest,"A rebellious convict is sent to a psychiatric hospital for evaluation in 1963 Oregon, and encourages his docile companions to take more control of their lives and defy the tyrannical head nurse.",N/A,8.7,1124932,R,Drama,PT2H13M,133,https://www.imdb.com/title/tt0073486/,tt0073486,https://m.media-amazon.com/images/M/MV5BYjBkMjgzMzYtNzRiMS00NDc3LWE4YTUtZjYxYjZhNjNhYzhhXkEyXkFqcGc@._V1_.jpg
20,Se7en,"Two detectives, a rookie and a veteran, hunt a serial killer who uses the seven deadly sins as his motives.",N/A,8.6,1929173,R,"Crime, Drama, Mystery",PT2H7M,127,https://www.imdb.com/title/tt0114369/,tt0114369,https://m.media-amazon.com/images/M/MV5BY2IzNzMxZjctZjUxZi00YzAxLTk3ZjMtODFjODdhMDU5NDM1XkEyXkFqcGc@._V1_.jpg
21,It&apos;s a Wonderful Life,An angel is sent from Heaven to help a desperately frustrated businessman by showing him what life would have been like if he had never existed.,N/A,8.6,531353,PG,"Drama, Family, Fantasy",PT2H10M,130,https://www.imdb.com/title/tt0038650/,tt0038650,https://m.media-amazon.com/images/M/MV5BMDM4OWFhYjEtNTE5Yy00NjcyLTg5N2UtZDQwNDZlYjlmNDU5XkEyXkFqcGc@._V1_.jpg
22,The Silence of the Lambs,"A young F.B.I. cadet must receive the help of an incarcerated and manipulative cannibal killer to help catch another serial killer, a madman who skins his victims.",N/A,8.6,1649821,R,"Crime, Drama, Horror",PT1H58M,118,https://www.imdb.com/title/tt0102926/,tt0102926,https://m.media-amazon.com/images/M/MV5BNDdhOGJhYzctYzYwZC00YmI2LWI0MjctYjg4ODdlMDExYjBlXkEyXkFqcGc@._V1_.jpg
23,Shichinin no samurai,"Farmers from a village exploited by bandits hire a veteran samurai for protection, and he gathers six other samurai to join him.",N/A,8.6,388200,Not Rated,"Action, Drama",PT3H27M,207,https://www.imdb.com/title/tt0047478/,tt0047478,https://m.media-amazon.com/images/M/MV5BZjliMWExOTMtZDQ3ZS00NWU3LWIyN2EtMjllNzk3ZTNlYzg4XkEyXkFqcGc@._V1_.jpg
24,Saving Private Ryan,"Following the Normandy Landings, a group of U.S. soldiers go behind enemy lines to retrieve a paratrooper whose comrades have been killed in action.",N/A,8.6,1582067,R,"Drama, War",PT2H49M,169,https://www.imdb.com/title/tt0120815/,tt0120815,https://m.media-amazon.com/images/M/MV5BZGZhZGQ1ZWUtZTZjYS00MDJhLWFkYjctN2ZlYjE5NWYwZDM2XkEyXkFqcGc@._V1_.jpg
25,The Green Mile,A death row guard learns that a gentle giant in his charge possesses a mysterious gift.,N/A,8.6,1498636,R,"Crime, Drama, Fantasy",PT3H9M,189,https://www.imdb.com/title/tt0120689/,tt0120689,https://m.media-amazon.com/images/M/MV5BMTUxMzQyNjA5MF5BMl5BanBnXkFtZTYwOTU2NTY3._V1_.jpg
26,Cidade de Deus,"In the slums of Rio, two kids&apos; paths diverge as one struggles to become a photographer and the other a kingpin.",N/A,8.6,843572,R,"Crime, Drama",PT2H10M,130,https://www.imdb.com/title/tt0317248/,tt0317248,https://m.media-amazon.com/images/M/MV5BYjY4NGI5OTUtY2ZlZS00Zjk4LTk5N2MtN2JmYWVjNGNmMGRlXkEyXkFqcGc@._V1_.jpg
27,La vita è bella,"When an open-minded Jewish waiter and his son become victims of the Holocaust, he uses a perfect mixture of will, humor and imagination to protect his son from the dangers around their camp.",N/A,8.6,784397,PG-13,"Comedy, Drama, Romance",PT1H56M,116,https://www.imdb.com/title/tt0118799/,tt0118799,https://m.media-amazon.com/images/M/MV5BZTBhOGYzZjQtYzE0Mi00MGIwLWE0MWYtNzMxNTM2OTFkM2NjXkEyXkFqcGc@._V1_.jpg
28,Terminator 2: Judgment Day,"A cyborg, identical to the one who failed to kill Sarah Connor, must now protect her ten year old son John from an even more advanced and powerful cyborg.",N/A,8.6,1242016,R,"Action, Adventure, Sci-Fi",PT2H17M,137,https://www.imdb.com/title/tt0103064/,tt0103064,https://m.media-amazon.com/images/M/MV5BNGMyMGNkMDUtMjc2Ni00NWFlLTgyODEtZTY2MzBiZTg0OWZiXkEyXkFqcGc@._V1_.jpg
29,Star Wars,"Luke Skywalker joins forces with a Jedi Knight, a cocky pilot, a Wookiee and two droids to save the galaxy from the Empire&apos;s world-destroying battle station, while also attempting to rescue Princess Leia from the mysterious Darth ...",N/A,8.6,1522218,PG,"Action, Adventure, Fantasy",PT2H1M,121,https://www.imdb.com/title/tt0076759/,tt0076759,https://m.media-amazon.com/images/M/MV5BOGUwMDk0Y2MtNjBlNi00NmRiLTk2MWYtMGMyMDlhYmI4ZDBjXkEyXkFqcGc@._V1_.jpg
30,Back to the Future,"Marty McFly, a 17-year-old high school student, is accidentally sent 30 years into the past in a time-traveling DeLorean invented by his close friend, the maverick scientist Doc Brown.",N/A,8.5,1390301,PG,"Adventure, Comedy, Sci-Fi",PT1H56M,116,https://www.imdb.com/title/tt0088763/,tt0088763,https://m.media-amazon.com/images/M/MV5BZmM3ZjE0NzctNjBiOC00MDZmLTgzMTUtNGVlOWFlOTNiZDJiXkEyXkFqcGc@._V1_.jpg
31,Sen to Chihiro no kamikakushi,"During her family&apos;s move to the suburbs, a sullen 10-year-old girl wanders into a world ruled by gods, witches and spirits, and where humans are changed into beasts.",N/A,8.6,920611,PG,"Animation, Adventure, Family",PT2H4M,124,https://www.imdb.com/title/tt0245429/,tt0245429,https://m.media-amazon.com/images/M/MV5BNTEyNmEwOWUtYzkyOC00ZTQ4LTllZmUtMjk0Y2YwOGUzYjRiXkEyXkFqcGc@._V1_.jpg
32,The Pianist,"During WWII, acclaimed Polish musician Wladyslaw faces various struggles as he loses contact with his family. As the situation worsens, he hides in the ruins of Warsaw in order to survive.",N/A,8.5,975831,R,"Biography, Drama, Music",PT2H30M,150,https://www.imdb.com/title/tt0253474/,tt0253474,https://m.media-amazon.com/images/M/MV5BMjEwNmEwYjgtNTk3ZC00NjljLTg5ZDctZTY3ZGQwZjRkZmQxXkEyXkFqcGc@._V1_.jpg
33,Gladiator,A former Roman General sets out to exact vengeance against the corrupt emperor who murdered his family and sent him into slavery.,N/A,8.5,1776525,R,"Action, Adventure, Drama",PT2H35M,155,https://www.imdb.com/title/tt0172495/,tt0172495,https://m.media-amazon.com/images/M/MV5BYWQ4YmNjYjEtOWE1Zi00Y2U4LWI4NTAtMTU0MjkxNWQ1ZmJiXkEyXkFqcGc@._V1_.jpg
34,Gisaengchung,Greed and class discrimination threaten the newly formed symbiotic relationship between the wealthy Park family and the destitute Kim clan.,N/A,8.5,1080884,R,"Drama, Thriller",PT2H12M,132,https://www.imdb.com/title/tt6751668/,tt6751668,https://m.media-amazon.com/images/M/MV5BYjk1Y2U4MjQtY2ZiNS00OWQyLWI3MmYtZWUwNmRjYWRiNWNhXkEyXkFqcGc@._V1_.jpg
35,Psycho,A secretary on the run for embezzlement takes refuge at a secluded California motel owned by a repressed man and his overbearing mother.,N/A,8.5,758272,R,"Drama, Horror, Mystery",PT1H49M,109,https://www.imdb.com/title/tt0054215/,tt0054215,https://m.media-amazon.com/images/M/MV5BYjZhMzFiZjItODA3ZC00MmRhLWIzMGYtMmVjOWUwYTA3MTRjXkEyXkFqcGc@._V1_.jpg
36,The Lion King,"Lion prince Simba and his father are targeted by his bitter uncle, who wants to ascend the throne himself.",N/A,8.5,1212875,G,"Animation, Adventure, Drama",PT1H28M,88,https://www.imdb.com/title/tt0110357/,tt0110357,https://m.media-amazon.com/images/M/MV5BZGRiZDZhZjItM2M3ZC00Y2IyLTk3Y2MtMWY5YjliNDFkZTJlXkEyXkFqcGc@._V1_.jpg
37,Hotaru no haka,A young boy and his little sister struggle to survive in Japan during World War II.,N/A,8.5,355598,Not Rated,"Animation, Drama, War",PT1H28M,88,https://www.imdb.com/title/tt0095327/,tt0095327,https://m.media-amazon.com/images/M/MV5BNTY5MmE2OGMtN2IxNC00MDY4LTkwMGEtZDUzOTYyNWE0ZTNjXkEyXkFqcGc@._V1_.jpg
38,The Departed,An undercover cop and a mole in the police attempt to identify each other while infiltrating an Irish gang in South Boston.,N/A,8.5,1499126,R,"Crime, Drama, Thriller",PT2H31M,151,https://www.imdb.com/title/tt0407887/,tt0407887,https://m.media-amazon.com/images/M/MV5BMTI1MTY2OTIxNV5BMl5BanBnXkFtZTYwNjQ4NjY3._V1_.jpg
39,Whiplash,A promising young drummer enrolls at a cut-throat music conservatory where his dreams of greatness are mentored by an instructor who will stop at nothing to realize a student&apos;s potential.,N/A,8.5,1087140,R,"Drama, Music",PT1H46M,106,https://www.imdb.com/title/tt2582802/,tt2582802,https://m.media-amazon.com/images/M/MV5BMDFjOWFkYzktYzhhMC00NmYyLTkwY2EtYjViMDhmNzg0OGFkXkEyXkFqcGc@._V1_.jpg
40,Seppuku,"When a ronin requesting seppuku at a feudal lord&apos;s palace is told of the brutal suicide of another ronin who previously visited, he reveals how their pasts are intertwined - and in doing so challenges the clan&apos;s integrity.",N/A,8.6,81520,Not Rated,"Drama, Mystery",PT2H13M,133,https://www.imdb.com/title/tt0056058/,tt0056058,https://m.media-amazon.com/images/M/MV5BZThiZjU5ZDQtZDI4Mi00ZGYyLTkzOTktYmIzZTFlZTkxYzg5XkEyXkFqcGc@._V1_.jpg
41,The Prestige,Rival 19th-century magicians engage in a bitter battle for trade secrets.,N/A,8.5,1527426,PG-13,"Drama, Mystery, Sci-Fi",PT2H10M,130,https://www.imdb.com/title/tt0482571/,tt0482571,https://m.media-amazon.com/images/M/MV5BMTM3MzQ5MjQ5OF5BMl5BanBnXkFtZTcwMTQ3NzMzMw@@._V1_.jpg
42,American History X,"Living a life marked by violence, neo-Nazi Derek finally goes to prison after killing two black youths. Upon his release, Derek vows to change; he hopes to prevent his brother, Danny, who idolizes Derek, from following in his foot...",N/A,8.5,1238580,R,"Crime, Drama",PT1H59M,119,https://www.imdb.com/title/tt0120586/,tt0120586,https://m.media-amazon.com/images/M/MV5BMzhiOTQ0NDItOTg0Zi00OGVmLWE0OGEtMTI4NDM0NWMxZWU4XkEyXkFqcGc@._V1_.jpg
43,Léon,An Italian hit man protects a New York orphan.,N/A,8.5,1311213,R,"Action, Crime, Drama",PT1H50M,110,https://www.imdb.com/title/tt0110413/,tt0110413,https://m.media-amazon.com/images/M/MV5BNGRkYTNhOWQtYmI0Ni00MjZhLWJmMzAtMTA2Mjg4NGNiNDU0XkEyXkFqcGc@._V1_.jpg
44,Spider-Man: Across the Spider-Verse,"Traveling across the multiverse, Miles Morales meets a new team of Spider-People, made up of heroes from different dimensions. But when the heroes clash over how to deal with a new threat, Miles finds himself at a crossroads.",N/A,8.5,468091,PG,"Animation, Action, Adventure",PT2H20M,140,https://www.imdb.com/title/tt9362722/,tt9362722,https://m.media-amazon.com/images/M/MV5BNThiZjA3MjItZGY5Ni00ZmJhLWEwN2EtOTBlYTA4Y2E0M2ZmXkEyXkFqcGc@._V1_.jpg
45,Casablanca,A cynical expatriate American cafe owner struggles to decide whether or not to help his former lover and her fugitive husband escape the Nazis in French Morocco.,N/A,8.5,636349,PG,"Drama, Romance, War",PT1H42M,102,https://www.imdb.com/title/tt0034583/,tt0034583,https://m.media-amazon.com/images/M/MV5BNWEzN2U1YTYtYTQyMS00NTVkLWE2NGQtZWFlMmM0MDNjMmRiXkEyXkFqcGc@._V1_.jpg
46,Nuovo Cinema Paradiso,"Salvatore, a famous film director, returns to his hometown for the funeral of the local theater&apos;s film projectionist, Alfredo. He reminisces about his life as a young boy falling in love with cinema.",N/A,8.5,304105,PG,"Drama, Romance",PT2H54M,174,https://www.imdb.com/title/tt0095765/,tt0095765,https://m.media-amazon.com/images/M/MV5BMTljNzc4YWEtYTZlMS00ODMyLWIwMTAtNWQxY2VkMDEwYTk5XkEyXkFqcGc@._V1_.jpg
47,The Usual Suspects,The sole survivor of a pier shoot-out tells the story of how a notorious criminal influenced the events that began with five criminals meeting in a seemingly random police lineup.,N/A,8.5,1197434,R,"Crime, Drama, Mystery",PT1H46M,106,https://www.imdb.com/title/tt0114814/,tt0114814,https://m.media-amazon.com/images/M/MV5BOTE5MDUxZDUtZWZmZC00NDVmLWFhOGQtNWI2YTc4NzY3MGQ0XkEyXkFqcGc@._V1_.jpg
48,Intouchables,"After he becomes a quadriplegic from a paragliding accident, an aristocrat hires a young man from the projects to be his caregiver.",N/A,8.5,986698,R,"Comedy, Drama",PT1H52M,112,https://www.imdb.com/title/tt1675434/,tt1675434,https://m.media-amazon.com/images/M/MV5BMTYxNDA3MDQwNl5BMl5BanBnXkFtZTcwNTU4Mzc1Nw@@._V1_.jpg
49,Alien,"After investigating a mysterious transmission of unknown origin, the crew of a commercial spacecraft encounters a deadly lifeform.",N/A,8.5,1024053,R,"Horror, Sci-Fi",PT1H57M,117,https://www.imdb.com/title/tt0078748/,tt0078748,https://m.media-amazon.com/images/M/MV5BN2NhMDk2MmEtZDQzOC00MmY5LThhYzAtMDdjZGFjOGZjMjdjXkEyXkFqcGc@._V1_.jpg
50,Modern Times,The Tramp struggles to live in modern industrial society with the help of a young homeless woman.,N/A,8.5,275242,G,"Comedy, Drama, Romance",PT1H27M,87,https://www.imdb.com/title/tt0027977/,tt0027977,https://m.media-amazon.com/images/M/MV5BODVkZGFhNGQtYjdiYi00Njc4LWFmYTItNTlmNzJjMTg1ZDc5XkEyXkFqcGc@._V1_.jpg
51,Rear Window,A bored photographer recovering from a broken leg passes the time by watching his neighbors and begins to suspect one of them of murder.,N/A,8.5,551519,PG,"Drama, Mystery, Thriller",PT1H52M,112,https://www.imdb.com/title/tt0047396/,tt0047396,https://m.media-amazon.com/images/M/MV5BODZhOWI1ODgtMzdiOS00YjNkLTgwOGUtYmIyZDg5ZmQwMzQ1XkEyXkFqcGc@._V1_.jpg
52,C&apos;era una volta il West,A mysterious stranger with a harmonica joins forces with a notorious desperado to protect a beautiful widow from a ruthless assassin working for the railroad.,N/A,8.5,371362,PG-13,"Drama, Western",PT2H46M,166,https://www.imdb.com/title/tt0064116/,tt0064116,https://m.media-amazon.com/images/M/MV5BZjYyNGY1MDEtN2I1MC00MGVhLTljZTYtODQ1NzQ0ODc2NzZlXkEyXkFqcGc@._V1_.jpg
53,Django Unchained,"With the help of a German bounty-hunter, a freed slave sets out to rescue his wife from a brutal plantation owner in Mississippi.",N/A,8.5,1806200,R,"Drama, Western",PT2H45M,165,https://www.imdb.com/title/tt1853728/,tt1853728,https://m.media-amazon.com/images/M/MV5BMjIyNTQ5NjQ1OV5BMl5BanBnXkFtZTcwODg1MDU4OA@@._V1_.jpg
54,City Lights,"With the aid of a wealthy erratic tippler, a dewy-eyed tramp who has fallen in love with a sightless flower girl accumulates money to be able to help her medically.",N/A,8.5,208562,G,"Comedy, Drama, Romance",PT1H27M,87,https://www.imdb.com/title/tt0021749/,tt0021749,https://m.media-amazon.com/images/M/MV5BM2U4NjgzODUtODkyOC00YTE2LTlhNTItYzFlYmM1NTEzZDA2XkEyXkFqcGc@._V1_.jpg
55,Apocalypse Now,A U.S. Army officer serving in Vietnam is tasked with assassinating a renegade Special Forces Colonel who sees himself as a god.,N/A,8.4,747366,R,"Drama, Mystery, War",PT2H27M,147,https://www.imdb.com/title/tt0078788/,tt0078788,https://m.media-amazon.com/images/M/MV5BZDhiMTljYjYtODc1Yy00MmEwLTg2OTYtYmE1YTRmNDE4MmEwXkEyXkFqcGc@._V1_.jpg
56,WALL·E,"A robot who is responsible for cleaning a waste-covered Earth meets another robot and falls in love with her. Together, they set out on a journey that will alter the fate of mankind.",N/A,8.4,1271309,G,"Animation, Adventure, Family",PT1H38M,98,https://www.imdb.com/title/tt0910970/,tt0910970,https://m.media-amazon.com/images/M/MV5BMjExMTg5OTU0NF5BMl5BanBnXkFtZTcwMjMxMzMzMw@@._V1_.jpg
57,Memento,A former insurance investigator who now suffers from anterograde amnesia uses notes and tattoos to hunt down his wife&apos;s murderer.,N/A,8.4,1388757,R,"Drama, Mystery, Thriller",PT1H53M,113,https://www.imdb.com/title/tt0209144/,tt0209144,https://m.media-amazon.com/images/M/MV5BYmQ3MjliNjAtNWFiZS00YWI1LTlmZTktMzBiNDE1NjRhZjU0XkEyXkFqcGc@._V1_.jpg
58,Dune: Part Two,"Paul Atreides unites with the Fremen while on a warpath of revenge against the conspirators who destroyed his family. Facing a choice between the love of his life and the fate of the universe, he endeavors to prevent a terrible fu...",N/A,8.5,649629,PG-13,"Action, Adventure, Drama",PT2H46M,166,https://www.imdb.com/title/tt15239678/,tt15239678,https://m.media-amazon.com/images/M/MV5BNTc0YmQxMjEtODI5MC00NjFiLTlkMWUtOGQ5NjFmYWUyZGJhXkEyXkFqcGc@._V1_.jpg
59,Raiders of the Lost Ark,"In 1936, archaeologist Indiana Jones is tasked by Army Intelligence to help locate a legendary ancient power, the Ark of Covenant, before the Nazis get it first.",N/A,8.4,1081303,PG,"Action, Adventure",PT1H55M,115,https://www.imdb.com/title/tt0082971/,tt0082971,https://m.media-amazon.com/images/M/MV5BOGNhMjg2ZjgtYzk4Ni00MTViLTg1MmUtYzM2MDZiYjZlMmU3XkEyXkFqcGc@._V1_.jpg
60,Avengers: Infinity War,The Avengers and their allies must be willing to sacrifice all in an attempt to defeat the powerful Thanos before his blitz of devastation and ruin puts an end to the universe.,N/A,8.4,1301807,PG-13,"Action, Adventure, Sci-Fi",PT2H29M,149,https://www.imdb.com/title/tt4154756/,tt4154756,https://m.media-amazon.com/images/M/MV5BMjMxNjY2MDU1OV5BMl5BanBnXkFtZTgwNzY1MTUwNTM@._V1_.jpg
61,Das Leben der Anderen,"In 1984 East Berlin, an agent of the secret police conducting surveillance on a writer and his lover finds himself becoming increasingly absorbed by their lives.",N/A,8.4,430390,R,"Drama, Mystery, Thriller",PT2H17M,137,https://www.imdb.com/title/tt0405094/,tt0405094,https://m.media-amazon.com/images/M/MV5BYjM1N2Q0YWEtN2E5MC00NDM3LTk2NTEtMTc1NTk5OTA5ZGIzXkEyXkFqcGc@._V1_.jpg
62,Sunset Boulevard,A screenwriter develops a dangerous relationship with a faded film star determined to make a triumphant return.,N/A,8.4,250727,Approved,"Drama, Film-Noir",PT1H50M,110,https://www.imdb.com/title/tt0043014/,tt0043014,https://m.media-amazon.com/images/M/MV5BMTU0NTkyNzYwMF5BMl5BanBnXkFtZTgwMDU0NDk5MTI@._V1_.jpg
63,Spider-Man: Into the Spider-Verse,Teen Miles Morales becomes the Spider-Man of his universe and must join with five spider-powered individuals from other dimensions to stop a threat for all realities.,N/A,8.4,741193,PG,"Animation, Action, Adventure",PT1H57M,117,https://www.imdb.com/title/tt4633694/,tt4633694,https://m.media-amazon.com/images/M/MV5BMjMwNDkxMTgzOF5BMl5BanBnXkFtZTgwNTkwNTQ3NjM@._V1_.jpg
64,Witness for the Prosecution,A veteran British barrister must defend his client in a murder trial that has surprise after surprise.,N/A,8.4,151798,Approved,"Crime, Drama, Mystery",PT1H56M,116,https://www.imdb.com/title/tt0051201/,tt0051201,https://m.media-amazon.com/images/M/MV5BNjRhNTQzMzQtMWViMi00ODQ1LTg0MTEtYWE4ZWZlYjM4YjJhXkEyXkFqcGc@._V1_.jpg
65,Paths of Glory,A colonel defends three of his soldiers in a court-martial after they abandon a suicidal attack.,N/A,8.4,228140,Approved,"Drama, War",PT1H28M,88,https://www.imdb.com/title/tt0050825/,tt0050825,https://m.media-amazon.com/images/M/MV5BNmQ2NmI2ODYtMDQzNS00NzQyLTkzZjgtZmZlYTQ5MTc1OWU3XkEyXkFqcGc@._V1_.jpg
66,The Shining,"A family heads to an isolated hotel for the winter, where a sinister presence influences the father into violence. At the same time, his psychic son sees horrifying forebodings from both the past and the future.",N/A,8.4,1176085,R,"Drama, Horror",PT2H26M,146,https://www.imdb.com/title/tt0081505/,tt0081505,https://m.media-amazon.com/images/M/MV5BNmM5ZThhY2ItOGRjOS00NzZiLWEwYTItNDgyMjFkOTgxMmRiXkEyXkFqcGc@._V1_.jpg
67,The Great Dictator,Dictator Adenoid Hynkel tries to expand his empire while a poor Jewish barber tries to avoid persecution from Hynkel&apos;s regime.,N/A,8.4,250509,G,"Comedy, Drama, War",PT2H5M,125,https://www.imdb.com/title/tt0032553/,tt0032553,https://m.media-amazon.com/images/M/MV5BMjc4ZjEwNDUtMjlmZS00NzQ4LTg2N2MtMGI3ZjMyMmM3ZDM2XkEyXkFqcGc@._V1_.jpg
68,12th Fail,The real-life story of IPS Officer Manoj Kumar Sharma and IRS Officer Shraddha Joshi.,N/A,8.7,152172,N/A,"Biography, Drama",PT2H27M,147,https://www.imdb.com/title/tt23849204/,tt23849204,https://m.media-amazon.com/images/M/MV5BNTE3OTIxZDYtNjA0NC00N2YxLTg1NGQtOTYxNmZkMDkwOWNjXkEyXkFqcGc@._V1_.jpg
69,Inglourious Basterds,"In Nazi-occupied France during World War II, a plan to assassinate Nazi leaders by a group of Jewish U.S. soldiers coincides with a theatre owner&apos;s vengeful plans for the same.",N/A,8.4,1699902,R,"Adventure, Drama, War",PT2H33M,153,https://www.imdb.com/title/tt0361748/,tt0361748,https://m.media-amazon.com/images/M/MV5BODZhMWJlNjYtNDExNC00MTIzLTllM2ItOGQ2NGVjNDQ3MzkzXkEyXkFqcGc@._V1_.jpg
70,Aliens,"Decades after surviving the Nostromo incident, Ellen Ripley is sent out to re-establish contact with a terraforming colony but finds herself battling the Alien Queen and her offspring.",N/A,8.4,814014,R,"Action, Adventure, Horror",PT2H17M,137,https://www.imdb.com/title/tt0090605/,tt0090605,https://m.media-amazon.com/images/M/MV5BZjIyNGJhYzYtN2I1My00OTVhLWEyMzItZTVjNDMzOTVkYWViXkEyXkFqcGc@._V1_.jpg
71,The Dark Knight Rises,"Bane, an imposing terrorist, attacks Gotham City and disrupts its eight-year-long period of peace. This forces Bruce Wayne to come out of hiding and don the cape and cowl of Batman again.",N/A,8.4,1927074,PG-13,"Action, Crime, Drama",PT2H44M,164,https://www.imdb.com/title/tt1345836/,tt1345836,https://m.media-amazon.com/images/M/MV5BMTk4ODQzNDY3Ml5BMl5BanBnXkFtZTcwODA0NTM4Nw@@._V1_.jpg
72,Coco,"Aspiring musician Miguel, confronted with his family&apos;s ancestral ban on music, enters the Land of the Dead to find his great-great-grandfather, a legendary singer.",N/A,8.4,659531,PG,"Animation, Adventure, Drama",PT1H45M,105,https://www.imdb.com/title/tt2380307/,tt2380307,https://m.media-amazon.com/images/M/MV5BMDIyM2E2NTAtMzlhNy00ZGUxLWI1NjgtZDY5MzhiMDc5NGU3XkEyXkFqcGc@._V1_.jpg
73,Amadeus,"The life and work of Wolfgang Amadeus Mozart seen through the eyes of his contemporary and rival, Antonio Salieri.",N/A,8.4,451801,PG,"Biography, Drama, Music",PT2H40M,160,https://www.imdb.com/title/tt0086879/,tt0086879,https://m.media-amazon.com/images/M/MV5BMzc2MjM0NTMtOGY4NC00NzY1LWE2ODUtZjMzY2RhNGNkZDAyXkEyXkFqcGc@._V1_.jpg
74,Avengers: Endgame,"After the devastating events of Avengers: Infinity War (2018), the universe is in ruins. With the help of remaining allies, the Avengers assemble once more in order to reverse Thanos&apos; actions and restore balance to the universe.",N/A,8.4,1373664,PG-13,"Action, Adventure, Sci-Fi",PT3H1M,181,https://www.imdb.com/title/tt4154796/,tt4154796,https://m.media-amazon.com/images/M/MV5BMTc5MDE2ODcwNV5BMl5BanBnXkFtZTgwMzI2NzQ2NzM@._V1_.jpg
75,Toy Story,"A cowboy doll is profoundly jealous when a new spaceman action figure supplants him as the top toy in a boy&apos;s bedroom. When circumstances separate them from their owner, the duo have to put aside their differences to return to him.",N/A,8.3,1131501,G,"Animation, Adventure, Comedy",PT1H21M,81,https://www.imdb.com/title/tt0114709/,tt0114709,https://m.media-amazon.com/images/M/MV5BZTA3OWVjOWItNjE1NS00NzZiLWE1MjgtZDZhMWI1ZTlkNzYwXkEyXkFqcGc@._V1_.jpg
76,Good Will Hunting,"A therapist counsels Will Hunting, a janitor with a genius IQ.",N/A,8.3,1148696,R,"Drama, Romance",PT2H6M,126,https://www.imdb.com/title/tt0119217/,tt0119217,https://m.media-amazon.com/images/M/MV5BNDdjZGQ5YzEtNTc2My00Mjc0LWFlMTctYzkwMzZlNzdiZWYzXkEyXkFqcGc@._V1_.jpg
77,Dr. Strangelove or: How I Learned to Stop Worrying and Love the Bomb,"A mentally unstable American general orders a hydrogen bomb attack on the Soviet Union, triggering a path to global nuclear holocaust that a war room full of politicians and generals frantically tries to stop.",N/A,8.3,540804,PG,"Comedy, War",PT1H35M,95,https://www.imdb.com/title/tt0057012/,tt0057012,https://m.media-amazon.com/images/M/MV5BMjFjYzBlOTktMTI2OS00ZWVhLTgxMDUtNzAwODY2NmI3YTAzXkEyXkFqcGc@._V1_.jpg
78,Oldeuboi,"After being kidnapped and imprisoned for fifteen years, Oh Dae-Su is released, only to find that he must track down his captor in five days.",N/A,8.3,686256,R,"Action, Drama, Mystery",PT2H,120,https://www.imdb.com/title/tt0364569/,tt0364569,https://m.media-amazon.com/images/M/MV5BMTI3NTQyMzU5M15BMl5BanBnXkFtZTcwMTM2MjgyMQ@@._V1_.jpg
79,Das Boot,A German U-boat stalks the frigid waters of the North Atlantic as its young crew experience the sheer terror and claustrophobic life of a submariner in World War II.,N/A,8.4,280784,N/A,"Drama, War",PT2H29M,149,https://www.imdb.com/title/tt0082096/,tt0082096,https://m.media-amazon.com/images/M/MV5BNGU0MWZlMTUtM2Y3Ny00NGNmLWE5NmEtN2YxOWQzMGM3ZWYzXkEyXkFqcGc@._V1_.jpg
80,Tengoku to jigoku,An executive of a Yokohama shoe company becomes a victim of extortion when his chauffeur&apos;s son is kidnapped by mistake and held for ransom.,N/A,8.4,61961,Not Rated,"Crime, Drama, Mystery",PT2H23M,143,https://www.imdb.com/title/tt0057565/,tt0057565,https://m.media-amazon.com/images/M/MV5BMGJiNzllYjktODAzNS00OGUzLTlmY2MtMjA2ZTZhYTY1OTc4XkEyXkFqcGc@._V1_.jpg
81,Braveheart,Scottish warrior William Wallace leads his countrymen in a rebellion to free his homeland from the tyranny of King Edward I of England.,N/A,8.3,1135561,R,"Biography, Drama, War",PT2H58M,178,https://www.imdb.com/title/tt0112573/,tt0112573,https://m.media-amazon.com/images/M/MV5BNGMxZDBhNGQtYTZlNi00N2UzLWI4NDEtNmUzNWM2NTdmZDA0XkEyXkFqcGc@._V1_.jpg
82,American Beauty,A sexually frustrated suburban father has a mid-life crisis after becoming infatuated with his daughter&apos;s best friend.,N/A,8.3,1255056,R,Drama,PT2H2M,122,https://www.imdb.com/title/tt0169547/,tt0169547,https://m.media-amazon.com/images/M/MV5BMDI1MDE0OTMtMmI2MS00Yjc2LTg2MTItMWExYTg5NzA1OGUzXkEyXkFqcGc@._V1_.jpg
83,Mononoke-hime,"While seeking to cure himself of a curse, young warrior Ashitaka stumbles into a conflict between the people of Iron Town and Princess Mononoke, a girl raised by wolves, who will stop at nothing to prevent the destruction of her h...",N/A,8.3,464526,PG-13,"Animation, Adventure, Fantasy",PT2H13M,133,https://www.imdb.com/title/tt0119698/,tt0119698,https://m.media-amazon.com/images/M/MV5BNjAzODViNGEtMjBkYi00N2U5LWJjNjAtY2U0MGJhZTEwOTU0XkEyXkFqcGc@._V1_.jpg
84,Kimi no na wa.,"Two teenagers share a profound, magical connection upon discovering they are swapping bodies. Things manage to become even more complicated when the boy and girl decide to meet in person.",N/A,8.4,363788,N/A,"Animation, Drama, Fantasy",PT1H46M,106,https://www.imdb.com/title/tt5311514/,tt5311514,https://m.media-amazon.com/images/M/MV5BMjI1ODZkYTgtYTY3Yy00ZTJkLWFkOTgtZDUyYWM4MzQwNjk0XkEyXkFqcGc@._V1_.jpg
85,3 Idiots,"Two friends are searching for their long lost companion. They revisit their college days and recall the memories of their friend who inspired them to think differently, even as the rest of the world called them &quot;idiots&quot;.",N/A,8.4,463401,PG-13,"Comedy, Drama",PT2H50M,170,https://www.imdb.com/title/tt1187043/,tt1187043,https://m.media-amazon.com/images/M/MV5BNzc4ZWQ3NmYtODE0Ny00YTQ4LTlkZWItNTBkMGQ0MmUwMmJlXkEyXkFqcGc@._V1_.jpg
86,Joker,"Arthur Fleck, a party clown and a failed stand-up comedian, leads an impoverished life with his ailing mother. However, when society shuns him and brands him as a freak, he decides to embrace the life of chaos in Gotham City.",N/A,8.3,1624956,R,"Crime, Drama, Thriller",PT2H2M,122,https://www.imdb.com/title/tt7286456/,tt7286456,https://m.media-amazon.com/images/M/MV5BNzY3OWQ5NDktNWQ2OC00ZjdlLThkMmItMDhhNDk3NTFiZGU4XkEyXkFqcGc@._V1_.jpg
87,Capharnaüm,"While serving a five-year sentence for a violent crime, a 12-year-old boy sues his parents for neglect.",N/A,8.4,117717,R,Drama,PT2H6M,126,https://www.imdb.com/title/tt8267604/,tt8267604,https://m.media-amazon.com/images/M/MV5BYzEyMzQ1OTktZTljZi00OWQzLWE2ZmUtZjQyNzBjYjE1NTc0XkEyXkFqcGc@._V1_.jpg
88,Once Upon a Time in America,"A former Prohibition-era Jewish gangster returns to the Lower East Side of Manhattan 35 years later, where he must once again confront the ghosts and regrets of his old life.",N/A,8.3,397952,R,"Crime, Drama",PT3H49M,229,https://www.imdb.com/title/tt0087843/,tt0087843,https://m.media-amazon.com/images/M/MV5BMDQ0ZTg2OGUtZjMyOC00M2M5LThkMmItZmM2MmUzMmIxMWJhXkEyXkFqcGc@._V1_.jpg
89,Singin&apos; in the Rain,A silent film star falls for a chorus girl just as he and his delusionally jealous screen partner are trying to make the difficult transition to talking pictures in 1920s Hollywood.,N/A,8.3,274495,G,"Comedy, Musical, Romance",PT1H43M,103,https://www.imdb.com/title/tt0045152/,tt0045152,https://m.media-amazon.com/images/M/MV5BMGQzZDFjZWUtZDU4ZS00ZjM3LTgyYmItYjA3YmIwYzRkZWY3XkEyXkFqcGc@._V1_.jpg
90,Idi i smotri,"After finding an old rifle, a young boy joins the Soviet resistance movement against ruthless German forces and experiences the horrors of World War II.",N/A,8.3,114348,Not Rated,"Drama, Thriller, War",PT2H22M,142,https://www.imdb.com/title/tt0091251/,tt0091251,https://m.media-amazon.com/images/M/MV5BNDlkZmVkZDAtZGFmMS00OWIzLWJkY2YtNWE5NjNhNjhiZGE3XkEyXkFqcGc@._V1_.jpg
91,Requiem for a Dream,The drug-induced utopias of four Coney Island people are shattered when their addictions run deep.,N/A,8.3,945276,NC-17,Drama,PT1H42M,102,https://www.imdb.com/title/tt0180093/,tt0180093,https://m.media-amazon.com/images/M/MV5BN2ZlMjIzZjctYzA2My00ZWYyLWI4ZjctMGI2NWYyNzFiZjAwXkEyXkFqcGc@._V1_.jpg
92,Star Wars: Episode VI - Return of the Jedi,"After rescuing Han Solo from Jabba the Hutt, the Rebel Alliance attempts to destroy the second Death Star while Luke struggles to help Darth Vader back from the dark side.",N/A,8.3,1174156,PG,"Action, Adventure, Fantasy",PT2H11M,131,https://www.imdb.com/title/tt0086190/,tt0086190,https://m.media-amazon.com/images/M/MV5BNWEwOTI0MmUtMGNmNy00ODViLTlkZDQtZTg1YmQ3MDgyNTUzXkEyXkFqcGc@._V1_.jpg
93,Toy Story 3,"The toys are mistakenly delivered to a day-care center instead of the attic right before Andy leaves for college, and it&apos;s up to Woody to convince the other toys that they weren&apos;t abandoned and to return home.",N/A,8.3,938422,G,"Animation, Adventure, Comedy",PT1H43M,103,https://www.imdb.com/title/tt0435761/,tt0435761,https://m.media-amazon.com/images/M/MV5BMTgxOTY4Mjc0MF5BMl5BanBnXkFtZTcwNTA4MDQyMw@@._V1_.jpg
94,Jagten,"A teacher lives a lonely life, all the while struggling over his son&apos;s custody. His life slowly gets better as he finds love and receives good news from his son, but his new luck is about to be brutally shattered by an innocent li...",N/A,8.3,391810,R,Drama,PT1H55M,115,https://www.imdb.com/title/tt2106476/,tt2106476,https://m.media-amazon.com/images/M/MV5BMTg2NDg3ODg4NF5BMl5BanBnXkFtZTcwNzk3NTc3Nw@@._V1_.jpg
95,Ikiru,A bureaucrat tries to find meaning in his life after he discovers he has terminal cancer.,N/A,8.3,97780,Not Rated,Drama,PT2H23M,143,https://www.imdb.com/title/tt0044741/,tt0044741,https://m.media-amazon.com/images/M/MV5BZTk4OGEwNDQtOGI2MC00MTU2LTk0YTEtNmU5NTIxMWNkNDhlXkEyXkFqcGc@._V1_.jpg
96,Eternal Sunshine of the Spotless Mind,"When their relationship turns sour, a couple undergoes a medical procedure to have each other erased from their memories forever.",N/A,8.3,1144907,R,"Drama, Romance, Sci-Fi",PT1H48M,108,https://www.imdb.com/title/tt0338013/,tt0338013,https://m.media-amazon.com/images/M/MV5BMTY4NzcwODg3Nl5BMl5BanBnXkFtZTcwNTEwOTMyMw@@._V1_.jpg
97,Incendies,Twins journey to the Middle East to discover their family history and fulfill their mother&apos;s last wishes.,N/A,8.3,232113,R,"Drama, Mystery, War",PT2H11M,131,https://www.imdb.com/title/tt1255953/,tt1255953,https://m.media-amazon.com/images/M/MV5BYWFmMjdmNjctNzhhOC00ZmMzLTkwOGItMmVmZDU4MjE2MTYwXkEyXkFqcGc@._V1_.jpg
98,2001: A Space Odyssey,"When a mysterious artifact is uncovered on the Moon, a spacecraft manned by two humans and one supercomputer is sent to Jupiter to find its origins.",N/A,8.3,758730,G,"Adventure, Sci-Fi",PT2H29M,149,https://www.imdb.com/title/tt0062622/,tt0062622,https://m.media-amazon.com/images/M/MV5BNjU0NDFkMTQtZWY5OS00MmZhLTg3Y2QtZmJhMzMzMWYyYjc2XkEyXkFqcGc@._V1_.jpg
99,The Apartment,"A Manhattan insurance clerk tries to rise in his company by letting its executives use his apartment for trysts, but office politics and his own romantic hopes complicate matters.",N/A,8.3,210478,Approved,"Comedy, Drama, Romance",PT2H5M,125,https://www.imdb.com/title/tt0053604/,tt0053604,https://m.media-amazon.com/images/M/MV5BNDdhMzVhOWQtNDU2Mi00ZmZmLWJiZDMtY2QxMjhjY2Y1ZTI5XkEyXkFqcGc@._V1_.jpg
100,Lawrence of Arabia,"The story of T.E. Lawrence, the English officer who successfully united and led the diverse, often warring, Arab tribes during World War I in order to fight the Turks.",N/A,8.3,331462,PG,"Adventure, Biography, Drama",PT3H47M,227,https://www.imdb.com/title/tt0056172/,tt0056172,https://m.media-amazon.com/images/M/MV5BYjY0YTQ1OTAtYjEyNy00NTQ4LThlMTQtM2QwYTVhYWFhNjU5XkEyXkFqcGc@._V1_.jpg
101,Reservoir Dogs,"When a simple jewelry heist goes horribly wrong, the surviving criminals begin to suspect that one of them is a police informant.",N/A,8.3,1139809,R,"Crime, Thriller",PT1H39M,99,https://www.imdb.com/title/tt0105236/,tt0105236,https://m.media-amazon.com/images/M/MV5BMmMzYjg4NDctYWY0Mi00OGViLWIzMTMtYWNlZGY5ZDJmYjk3XkEyXkFqcGc@._V1_.jpg
102,Scarface,"In the 1980s, a determined criminal-minded Cuban immigrant becomes the biggest drug smuggler in Miami, and is eventually undone by his own drug addiction.",N/A,8.3,975301,R,"Crime, Drama",PT2H50M,170,https://www.imdb.com/title/tt0086250/,tt0086250,https://m.media-amazon.com/images/M/MV5BNDUzYjY0NmUtMDM4OS00Y2Q5LWJiODYtNTk0ZTk0YjZhMTg1XkEyXkFqcGc@._V1_.jpg
103,Heat,A group of high-end professional thieves start to feel the heat from the LAPD when they unknowingly leave a verbal clue at their latest heist.,N/A,8.3,766049,R,"Action, Crime, Drama",PT2H50M,170,https://www.imdb.com/title/tt0113277/,tt0113277,https://m.media-amazon.com/images/M/MV5BMTkxYjU1OTMtYWViZC00ZjAzLWI3MDktZGQ2N2VmMjVjNDRlXkEyXkFqcGc@._V1_.jpg
104,Double Indemnity,"An insurance representative is seduced by a dissatisfied housewife into a scheme of insurance fraud and murder that arouses the suspicion of his colleague, a claims investigator.",N/A,8.3,176089,Approved,"Crime, Drama, Film-Noir",PT1H47M,107,https://www.imdb.com/title/tt0036775/,tt0036775,https://m.media-amazon.com/images/M/MV5BM2YwNjZlZDktNTlmNS00ODQwLWJmNmUtYmE1NTBhYjc1YTY5XkEyXkFqcGc@._V1_.jpg
105,North by Northwest,"A New York City advertising executive goes on the run after being mistaken for a government agent by a group of foreign spies, and falls for a woman whose loyalties he begins to doubt.",N/A,8.3,362400,Approved,"Adventure, Drama, Mystery",PT2H16M,136,https://www.imdb.com/title/tt0053125/,tt0053125,https://m.media-amazon.com/images/M/MV5BZWIzODI2OGItMzM0Ny00OGRmLTlkNmItMDQxMTFmMTk3YmQwXkEyXkFqcGc@._V1_.jpg
106,Up,"78-year-old Carl Fredricksen travels to South America in his house equipped with balloons, inadvertently taking a young stowaway.",N/A,8.3,1191440,PG,"Animation, Adventure, Comedy",PT1H36M,96,https://www.imdb.com/title/tt1049413/,tt1049413,https://m.media-amazon.com/images/M/MV5BNmI1ZTc5MWMtMDYyOS00ZDc2LTkzOTAtNjQ4NWIxNjYyNDgzXkEyXkFqcGc@._V1_.jpg
107,Citizen Kane,"Following the death of publishing tycoon Charles Foster Kane, reporters scramble to uncover the meaning of his final utterance: &apos;Rosebud.&apos;",N/A,8.3,484272,PG,"Drama, Mystery",PT1H59M,119,https://www.imdb.com/title/tt0033467/,tt0033467,https://m.media-amazon.com/images/M/MV5BYjk1ZDJlMmUtOWQ0Zi00MDM5LTk1OGYtODczNjFmMGYwZGVkXkEyXkFqcGc@._V1_.jpg
108,M - Eine Stadt sucht einen Mörder,"When the police in a German city are unable to catch a child-murderer, other criminals join in the manhunt.",N/A,8.3,178316,Passed,"Crime, Mystery, Thriller",PT1H39M,99,https://www.imdb.com/title/tt0022100/,tt0022100,https://m.media-amazon.com/images/M/MV5BODA4ODk3OTEzMF5BMl5BanBnXkFtZTgwMTQ2ODMwMzE@._V1_.jpg
109,Full Metal Jacket,A pragmatic U.S. Marine observes the dehumanizing effects the Vietnam War has on his fellow recruits from their brutal boot camp training to the bloody street fighting in Hue.,N/A,8.2,827653,R,"Drama, War",PT1H56M,116,https://www.imdb.com/title/tt0093058/,tt0093058,https://m.media-amazon.com/images/M/MV5BYWUzNzZkNzUtNDdiYy00Nzk5LTgxMmItNTk0MjRjNjdjNDA0XkEyXkFqcGc@._V1_.jpg
110,Vertigo,"A former San Francisco police detective juggles wrestling with his personal demons and becoming obsessed with the hauntingly beautiful woman he has been hired to trail, who may be deeply disturbed.",N/A,8.2,448109,PG,"Mystery, Romance, Thriller",PT2H8M,128,https://www.imdb.com/title/tt0052357/,tt0052357,https://m.media-amazon.com/images/M/MV5BNzEyZTUxMWItMGVhYy00Y2NlLTljYTMtYzBmMzI1YmUyMDBkXkEyXkFqcGc@._V1_.jpg
111,Le fabuleux destin d&apos;Amélie Poulain,"Despite being caught in her imaginative world, young waitress Amelie decides to help people find happiness. Her quest to spread joy leads her on a journey during which she finds true love.",N/A,8.3,822353,R,"Comedy, Romance",PT2H2M,122,https://www.imdb.com/title/tt0211915/,tt0211915,https://m.media-amazon.com/images/M/MV5BOTNmYzY0MWQtZGZmNy00Y2Y4LWFmMDQtMTZjYTdiYzEwZGQ2XkEyXkFqcGc@._V1_.jpg
112,Taare Zameen Par,A young boy is thought to be nothing but a lazy troublemaker until the new art teacher has the patience and compassion to discover the real problem behind his struggles in school.,N/A,8.3,221289,PG,"Drama, Family",PT2H42M,162,https://www.imdb.com/title/tt0986264/,tt0986264,https://m.media-amazon.com/images/M/MV5BNjVmMTlkNGYtYTM2OC00Yjc2LWIyYmQtMDY4ZmU1MWRlMjA3XkEyXkFqcGc@._V1_.jpg
113,Jodaeiye Nader az Simin,A married couple are faced with a difficult decision - to improve the life of their child by moving to another country or to stay in Iran and look after a deteriorating parent who has Alzheimer&apos;s disease.,N/A,8.3,271140,PG-13,Drama,PT2H3M,123,https://www.imdb.com/title/tt1832382/,tt1832382,https://m.media-amazon.com/images/M/MV5BMDM0ZWRmMzctM2M5ZS00ZjU0LWIxN2MtNWNlNGY1ZDhjMDVhXkEyXkFqcGc@._V1_.jpg
114,To Kill a Mockingbird,A widowed lawyer in Depression-era Alabama defends a black man against a false rape charge while teaching his young children about the sad reality of prejudice.,N/A,8.3,344990,Approved,"Crime, Drama",PT2H9M,129,https://www.imdb.com/title/tt0056592/,tt0056592,https://m.media-amazon.com/images/M/MV5BZTlkYWU4MGEtZmQyYi00OWEzLTgzY2EtYzVjOTEzYzAyNTk1XkEyXkFqcGc@._V1_.jpg
115,Die Hard,"A New York City cop, John McClane, tries to save his estranged wife and several others taken hostage by terrorists during a Christmas Eve party at the Nakatomi Plaza Skyscraper in Los Angeles, California.",N/A,8.2,995749,R,"Action, Thriller",PT2H12M,132,https://www.imdb.com/title/tt0095016/,tt0095016,https://m.media-amazon.com/images/M/MV5BMGNlYmM1NmQtYWExMS00NmRjLTg5ZmEtMmYyYzJkMzljYWMxXkEyXkFqcGc@._V1_.jpg
116,Indiana Jones and the Last Crusade,"In 1938, after his father goes missing while pursuing the Holy Grail, Indiana Jones finds himself up against the Nazis again to stop them from obtaining its powers.",N/A,8.2,843534,PG-13,"Action, Adventure",PT2H7M,127,https://www.imdb.com/title/tt0097576/,tt0097576,https://m.media-amazon.com/images/M/MV5BNGIxNzQ0YzYtMjNmYi00YjBlLWFjNzEtNGE3ZGFmYTczM2MwXkEyXkFqcGc@._V1_.jpg
117,The Sting,Two grifters team up to pull off the ultimate con.,N/A,8.2,292154,PG,"Comedy, Crime, Drama",PT2H9M,129,https://www.imdb.com/title/tt0070735/,tt0070735,https://m.media-amazon.com/images/M/MV5BZGI4OTk4MDMtYmQ1Ni00YTUzLTkyYTktZGUwMjMyN2M4NjQ5XkEyXkFqcGc@._V1_.jpg
118,A Clockwork Orange,Alex DeLarge and his droogs barbarize a decaying near-future.,N/A,8.2,916366,R,"Crime, Sci-Fi",PT2H16M,136,https://www.imdb.com/title/tt0066921/,tt0066921,https://m.media-amazon.com/images/M/MV5BMTY3MjM1Mzc4N15BMl5BanBnXkFtZTgwODM0NzAxMDE@._V1_.jpg
119,Hababam Sinifi: Sinifta Kaldi,A young and beautiful female teacher starts working in an all boys high school.,N/A,8.7,27435,N/A,Comedy,PT1H35M,95,https://www.imdb.com/title/tt0252488/,tt0252488,https://m.media-amazon.com/images/M/MV5BZmY3MjVhMmQtOTcwYy00ZjcyLWFiZDgtN2JiODVjNjQzYWQyXkEyXkFqcGc@._V1_.jpg
120,Metropolis,"In a futuristic city sharply divided between the working class and the city planners, the son of the city&apos;s mastermind falls in love with a working-class prophet who predicts the coming of a savior to mediate their differences.",N/A,8.3,195886,Not Rated,"Drama, Sci-Fi",PT2H33M,153,https://www.imdb.com/title/tt0017136/,tt0017136,https://m.media-amazon.com/images/M/MV5BMjhjMGYyMjAtMzJkYy00NzhlLWIwY2MtMWQ2ODIxZDUyOGYyXkEyXkFqcGc@._V1_.jpg
121,Oppenheimer,"A dramatization of the life story of J. Robert Oppenheimer, the physicist who had a large hand in the development of the atomic bombs that brought an end to World War II.",N/A,8.3,913205,R,"Biography, Drama, History",PT3H,180,https://www.imdb.com/title/tt15398776/,tt15398776,https://m.media-amazon.com/images/M/MV5BN2JkMDc5MGQtZjg3YS00NmFiLWIyZmQtZTJmNTM5MjVmYTQ4XkEyXkFqcGc@._V1_.jpg
122,Snatch,"Unscrupulous boxing promoters, violent bookmakers, a Russian gangster, incompetent amateur robbers and supposedly Jewish jewelers fight to track down a priceless stolen diamond.",N/A,8.2,951651,R,"Comedy, Crime",PT1H42M,102,https://www.imdb.com/title/tt0208092/,tt0208092,https://m.media-amazon.com/images/M/MV5BYzk5NjJkMTQtN2IyNC00YWM5LTlhZmMtNGI3MWNhMTU1YTc4XkEyXkFqcGc@._V1_.jpg
123,1917,"April 6th, 1917. As an infantry battalion assembles to wage war deep in enemy territory, two soldiers are assigned to race against time and deliver a message that will stop 1,600 men from walking straight into a deadly trap.",N/A,8.2,735821,R,"Action, Drama, War",PT1H59M,119,https://www.imdb.com/title/tt8579674/,tt8579674,https://m.media-amazon.com/images/M/MV5BYzkxZjg2NDQtMGVjMy00NWZkLTk0ZDEtZWE3NDYwYjAyMTg1XkEyXkFqcGc@._V1_.jpg
124,L.A. Confidential,"As corruption grows in 1950s Los Angeles, three policemen - one strait-laced, one brutal, and one sleazy - investigate a series of murders with their own brand of justice.",N/A,8.2,644890,R,"Crime, Drama, Mystery",PT2H18M,138,https://www.imdb.com/title/tt0119488/,tt0119488,https://m.media-amazon.com/images/M/MV5BODdiMjY1OGYtNDk0NC00NGQ1LWI4MDItOTJhMTM0YjE1YTAzXkEyXkFqcGc@._V1_.jpg
125,Ladri di biciclette,"In post-war Italy, a working-class man&apos;s bicycle is stolen, endangering his efforts to find work. He and his son set out to find it.",N/A,8.2,186965,Not Rated,Drama,PT1H29M,89,https://www.imdb.com/title/tt0040522/,tt0040522,https://m.media-amazon.com/images/M/MV5BMjIzMzAyMzg1Nl5BMl5BanBnXkFtZTgwMzMyNzk0MTE@._V1_.jpg
126,Der Untergang,"Traudl Junge, the final secretary for Adolf Hitler, tells of the Nazi dictator&apos;s final days in his Berlin bunker at the end of WWII.",N/A,8.2,391029,R,"Biography, Drama, History",PT2H36M,156,https://www.imdb.com/title/tt0363163/,tt0363163,https://m.media-amazon.com/images/M/MV5BMTU0NTU5NTAyMl5BMl5BanBnXkFtZTYwNzYwMDg2._V1_.jpg
127,Dangal,"Mahavir Singh Phogat, a former wrestler, decides to fulfill his dream of winning a gold medal for his country by training his daughters for the Commonwealth Games despite the existing social stigmas.",N/A,8.3,229105,Not Rated,"Action, Biography, Drama",PT2H41M,161,https://www.imdb.com/title/tt5074352/,tt5074352,https://m.media-amazon.com/images/M/MV5BMTQ4MzQzMzM2Nl5BMl5BanBnXkFtZTgwMTQ1NzU3MDI@._V1_.jpg
128,The Wolf of Wall Street,"Based on the true story of Jordan Belfort, from his rise to a wealthy stock-broker living the high life to his fall involving crime, corruption and the federal government.",N/A,8.2,1702882,R,"Biography, Comedy, Crime",PT3H,180,https://www.imdb.com/title/tt0993846/,tt0993846,https://m.media-amazon.com/images/M/MV5BMjIxMjgxNTk0MF5BMl5BanBnXkFtZTgwNjIyOTg2MDE@._V1_.jpg
129,Hamilton,"The real life of one of America&apos;s foremost founding fathers and first Secretary of the Treasury, Alexander Hamilton. Captured live on Broadway from the Richard Rodgers Theater with the original Broadway cast.",N/A,8.3,130184,PG-13,"Biography, Drama, History",PT2H40M,160,https://www.imdb.com/title/tt8503618/,tt8503618,https://m.media-amazon.com/images/M/MV5BYzBhOWY4ZTktMjE2NS00ZGIyLWJkOGMtNDQyN2JjZWFiODdiXkEyXkFqcGc@._V1_.jpg
130,Green Book,A working-class Italian-American bouncer becomes the driver for an African-American classical pianist on a tour of venues through the 1960s American South.,N/A,8.2,644657,PG-13,"Biography, Comedy, Drama",PT2H10M,130,https://www.imdb.com/title/tt6966692/,tt6966692,https://m.media-amazon.com/images/M/MV5BNDU5YTNmMmItN2QxNy00OGQ0LTg5MTctNzFmYjEzZjcwN2UwXkEyXkFqcGc@._V1_.jpg
131,Taxi Driver,"A mentally unstable veteran works as a nighttime taxi driver in New York City, where the perceived decadence and sleaze fuels his urge for violent action.",N/A,8.2,987462,R,"Crime, Drama",PT1H54M,114,https://www.imdb.com/title/tt0075314/,tt0075314,https://m.media-amazon.com/images/M/MV5BZDNhMGYwM2UtMTdlZS00MGQ1LWI2YzAtODY5YWI1MjYyNzRmXkEyXkFqcGc@._V1_.jpg
132,Batman Begins,"After witnessing his parents&apos; death, billionaire Bruce Wayne learns the art of fighting to confront injustice. When he returns to Gotham as Batman, he must stop a secret society that intends to destroy the city.",N/A,8.2,1658171,PG-13,"Action, Crime, Drama",PT2H20M,140,https://www.imdb.com/title/tt0372784/,tt0372784,https://m.media-amazon.com/images/M/MV5BODIyMDdhNTgtNDlmOC00MjUxLWE2NDItODA5MTdkNzY3ZTdhXkEyXkFqcGc@._V1_.jpg
133,The Truman Show,An insurance salesman begins to suspect that his whole life is actually some sort of reality TV show.,N/A,8.2,1299025,PG,"Comedy, Drama",PT1H43M,103,https://www.imdb.com/title/tt0120382/,tt0120382,https://m.media-amazon.com/images/M/MV5BNzA3ZjZlNzYtMTdjMy00NjMzLTk5ZGYtMTkyYzNiOGM1YmM3XkEyXkFqcGc@._V1_.jpg
134,Per qualche dollaro in più,Two bounty killers with similar intentions but different motivations team up to track down a psychotic Mexican outlaw before he and his gang can carry out an audacious bank robbery.,N/A,8.2,291155,R,"Drama, Western",PT2H12M,132,https://www.imdb.com/title/tt0059578/,tt0059578,https://m.media-amazon.com/images/M/MV5BNTRmOTcyYmYtMTIwNi00ZGYyLTk4YjYtZGJlZTgwZGY0NGQyXkEyXkFqcGc@._V1_.jpg
135,Judgment at Nuremberg,"Fictionalized depiction of the 1947 Judges&apos; Trial, the third of 12 trials of Nazi war criminals conducted by the American occupying forces in Nuremberg, Germany, in which former judges of Nazi Germany were tried for their actions.",N/A,8.3,92727,Approved,"Drama, War",PT2H59M,179,https://www.imdb.com/title/tt0055031/,tt0055031,https://m.media-amazon.com/images/M/MV5BNDc2ODQ5NTE2MV5BMl5BanBnXkFtZTcwODExMjUyNA@@._V1_.jpg
136,Some Like It Hot,"After two male musicians witness a mob hit, they flee the state in an all-female band disguised as women, but further complications set in.",N/A,8.2,297169,Approved,"Comedy, Music, Romance",PT2H1M,121,https://www.imdb.com/title/tt0053291/,tt0053291,https://m.media-amazon.com/images/M/MV5BZTllZDYyNjEtY2RmMS00NmJhLWI4ODAtMTQ0NWFiZTJhZjA0XkEyXkFqcGc@._V1_.jpg
137,Shutter Island,Two US marshals are sent to a mental institution on an inhospitable island in order to investigate the disappearance of a patient.,N/A,8.2,1564621,R,"Drama, Mystery, Thriller",PT2H18M,138,https://www.imdb.com/title/tt1130884/,tt1130884,https://m.media-amazon.com/images/M/MV5BN2FjNWExYzEtY2YzOC00YjNlLTllMTQtNmIwM2Q1YzBhOWM1XkEyXkFqcGc@._V1_.jpg
138,The Kid,"The Tramp cares for an abandoned child, but events put their relationship in jeopardy.",N/A,8.2,142305,Passed,"Comedy, Drama, Family",PT1H8M,68,https://www.imdb.com/title/tt0012349/,tt0012349,https://m.media-amazon.com/images/M/MV5BNjkxMzY1NTQtN2YwOS00NmIwLTlkNTMtMjNkMzk1ZTk3ZDU2XkEyXkFqcGc@._V1_.jpg
139,The Father,"A man refuses all assistance from his daughter as he ages. When he tries to understand what is happening around him, he begins to doubt his loved ones, his own mind and even the fabric of his reality.",N/A,8.2,216642,PG-13,"Drama, Mystery",PT1H37M,97,https://www.imdb.com/title/tt10272386/,tt10272386,https://m.media-amazon.com/images/M/MV5BYzUxMDAyMDAtNzIyZi00OGQ1LTllMjEtYzRjOThkZTUxNTliXkEyXkFqcGc@._V1_.jpg
140,Jurassic Park,"An industrialist invites some experts to visit his theme park of cloned dinosaurs. After a power failure, the creatures run loose, putting everyone&apos;s lives, including his grandchildren&apos;s, in danger.",N/A,8.2,1132907,PG-13,"Action, Adventure, Sci-Fi",PT2H7M,127,https://www.imdb.com/title/tt0107290/,tt0107290,https://m.media-amazon.com/images/M/MV5BMjM2MDgxMDg0Nl5BMl5BanBnXkFtZTgwNTM2OTM5NDE@._V1_.jpg
141,All About Eve,A seemingly timid but secretly ruthless ingénue insinuates herself into the lives of an aging Broadway star and her circle of theater friends.,N/A,8.2,145788,Approved,Drama,PT2H18M,138,https://www.imdb.com/title/tt0042192/,tt0042192,https://m.media-amazon.com/images/M/MV5BOTM4ZjUzOGUtYzdlZi00ZmM5LTk5NTEtMjQxNDVmOTc5NWNlXkEyXkFqcGc@._V1_.jpg
142,There Will Be Blood,"A story of family, religion, hatred, oil and madness, focusing on a turn-of-the-century prospector in the early days of the business.",N/A,8.2,676747,R,Drama,PT2H38M,158,https://www.imdb.com/title/tt0469494/,tt0469494,https://m.media-amazon.com/images/M/MV5BMjAxODQ4MDU5NV5BMl5BanBnXkFtZTcwMDU4MjU1MQ@@._V1_.jpg
143,The Sixth Sense,"After being shot by a resentful former patient whom he failed to help, a Philadelphia child psychologist seeks redemption by treating a young boy with a disturbing secret.",N/A,8.2,1106947,PG-13,"Drama, Mystery, Thriller",PT1H47M,107,https://www.imdb.com/title/tt0167404/,tt0167404,https://m.media-amazon.com/images/M/MV5BZWQ2OTY0M2UtMTQxNC00MmIzLTllNDQtNDQ0MTQyYzI2M2ZiXkEyXkFqcGc@._V1_.jpg
144,Ran,"In Medieval Japan, an elderly warlord retires, handing over his empire to his three sons. However, he vastly underestimates how the new-found power will corrupt them and cause them to turn on each other...and him.",N/A,8.2,145517,R,"Action, Drama, War",PT2H40M,160,https://www.imdb.com/title/tt0089881/,tt0089881,https://m.media-amazon.com/images/M/MV5BZDk2NDY5YjktMjEyMC00OTJhLTkzM2EtY2Q4Y2RjYzc2Yjk4XkEyXkFqcGc@._V1_.jpg
145,Casino,"In Las Vegas, two best friends--a casino executive and a Mafia enforcer--compete for a gambling empire and a fast-living, fast-loving socialite.",N/A,8.2,597438,R,"Crime, Drama",PT2H58M,178,https://www.imdb.com/title/tt0112641/,tt0112641,https://m.media-amazon.com/images/M/MV5BMDRlZWZjZjYtYzY2NS00ZWVjLTkwYzAtZTA2ZDAzMGRiYmYwXkEyXkFqcGc@._V1_.jpg
146,Top Gun: Maverick,"The story involves Maverick confronting his past while training a group of younger Top Gun graduates, including the son of his deceased best friend, for a dangerous mission.",N/A,8.2,791346,PG-13,"Action, Drama",PT2H10M,130,https://www.imdb.com/title/tt1745960/,tt1745960,https://m.media-amazon.com/images/M/MV5BMDBkZDNjMWEtOTdmMi00NmExLTg5MmMtNTFlYTJlNWY5YTdmXkEyXkFqcGc@._V1_.jpg
147,No Country for Old Men,Violence and mayhem ensue after a hunter stumbles upon the aftermath of a drug deal gone wrong and over two million dollars in cash near the Rio Grande.,N/A,8.2,1134563,R,"Crime, Drama, Thriller",PT2H2M,122,https://www.imdb.com/title/tt0477348/,tt0477348,https://m.media-amazon.com/images/M/MV5BMjA5Njk3MjM4OV5BMl5BanBnXkFtZTcwMTc5MTE1MQ@@._V1_.jpg
148,The Thing,A research team in Antarctica is hunted by a shape-shifting alien that assumes the appearance of its victims.,N/A,8.2,503406,R,"Horror, Mystery, Sci-Fi",PT1H49M,109,https://www.imdb.com/title/tt0084787/,tt0084787,https://m.media-amazon.com/images/M/MV5BYTA3NDU5MWEtNTk4Yy00ZDNkLThmZTQtMjU3ZGVhYzAyMzU4XkEyXkFqcGc@._V1_.jpg
149,Unforgiven,Retired Old West gunslinger Will Munny reluctantly takes on one last job to avenge an injustice with the help of his old partner and a young would-be gunman calling himself &quot;The Schofield Kid&quot;.,N/A,8.2,457335,R,"Drama, Western",PT2H10M,130,https://www.imdb.com/title/tt0105695/,tt0105695,https://m.media-amazon.com/images/M/MV5BNmZmMzM3YWMtZjg5Yi00M2MxLTg3ZGItNGU4YjQxNDAxM2Q4XkEyXkFqcGc@._V1_.jpg
150,El laberinto del fauno,"In 1944 Spain, a girl is sent to live with her ruthless stepfather. During the night, she meets a fairy who takes her to an old faun. He tells her she&apos;s a princess, but must prove her royalty by surviving three gruesome tasks.",N/A,8.2,728564,R,"Drama, Fantasy, War",PT1H58M,118,https://www.imdb.com/title/tt0457430/,tt0457430,https://m.media-amazon.com/images/M/MV5BOTc1NTAxMWItMWFlNy00MmU2LTkwMTMtNzMwOTg5OTQ5YTFiXkEyXkFqcGc@._V1_.jpg
151,Kill Bill: Vol. 1,"After waking from a four-year coma, a former assassin wreaks vengeance on the team of assassins who betrayed her.",N/A,8.2,1259758,R,"Action, Crime, Thriller",PT1H51M,111,https://www.imdb.com/title/tt0266697/,tt0266697,https://m.media-amazon.com/images/M/MV5BZmMyYzJlZmYtY2I3NC00NjAyLTkyZWItZjdjZDI1YTYyYTEwXkEyXkFqcGc@._V1_.jpg
152,A Beautiful Mind,"A mathematical genius, John Nash made an astonishing discovery early in his career and stood on the brink of international acclaim. But the handsome and arrogant Nash soon found himself on a harrowing journey of self-discovery.",N/A,8.2,1027644,PG-13,"Biography, Drama, Mystery",PT2H15M,135,https://www.imdb.com/title/tt0268978/,tt0268978,https://m.media-amazon.com/images/M/MV5BNzljZTk5ZDgtZTQ1Zi00NTM4LThlOGUtZDk2MGM4NDQ4NWQyXkEyXkFqcGc@._V1_.jpg
153,Prisoners,A desperate father takes the law into his own hands after police fail to find two kidnapped girls.,N/A,8.2,882895,R,"Crime, Drama, Mystery",PT2H33M,153,https://www.imdb.com/title/tt1392214/,tt1392214,https://m.media-amazon.com/images/M/MV5BMTg0NTIzMjQ1NV5BMl5BanBnXkFtZTcwNDc3MzM5OQ@@._V1_.jpg
154,The Treasure of the Sierra Madre,Two down-on-their-luck Americans searching for work in 1920s Mexico convince an old prospector to help them mine for gold in the Sierra Madre Mountains.,N/A,8.2,138335,Approved,"Adventure, Drama, Western",PT2H6M,126,https://www.imdb.com/title/tt0040897/,tt0040897,https://m.media-amazon.com/images/M/MV5BOWM1YjFmODEtMWNhMC00YmI1LWI0Y2EtYzg0YTBhZWI4ODE3XkEyXkFqcGc@._V1_.jpg
155,Yôjinbô,A crafty ronin comes to a town divided by two criminal gangs and decides to play them against each other to free the town.,N/A,8.2,138984,Not Rated,"Action, Drama, Thriller",PT1H50M,110,https://www.imdb.com/title/tt0055630/,tt0055630,https://m.media-amazon.com/images/M/MV5BYzFkODA1N2QtY2UyMC00NTMwLWEyNzctMmE3YjIzNzE1MzY4XkEyXkFqcGc@._V1_.jpg
156,Finding Nemo,"After his son is captured in the Great Barrier Reef and taken to Sydney, a timid clownfish sets out on a journey to bring him home.",N/A,8.2,1168626,G,"Animation, Adventure, Comedy",PT1H40M,100,https://www.imdb.com/title/tt0266543/,tt0266543,https://m.media-amazon.com/images/M/MV5BMTc5NjExNTA5OV5BMl5BanBnXkFtZTYwMTQ0ODY2._V1_.jpg
157,Hauru no ugoku shiro,"When an unconfident young woman is cursed with an old body by a spiteful witch, her only chance of breaking the spell lies with a self-indulgent yet insecure young wizard and his companions in his legged, walking castle.",N/A,8.2,488769,PG,"Animation, Adventure, Family",PT1H59M,119,https://www.imdb.com/title/tt0347149/,tt0347149,https://m.media-amazon.com/images/M/MV5BMTY1OTg0MjE3MV5BMl5BanBnXkFtZTcwNTUxMTkyMQ@@._V1_.jpg
158,The Great Escape,Allied officers in a German prisoner of war camp during World War II make a daring plan for a mass escape by hundreds of POWs hoping to draw German personnel and resources away from combat operations.,N/A,8.2,270642,Approved,"Adventure, Drama, Thriller",PT2H52M,172,https://www.imdb.com/title/tt0057115/,tt0057115,https://m.media-amazon.com/images/M/MV5BMDRhNmJjMzEtMWU5MC00YmEyLTg3ZmYtNzYxZTI1ZGU4ZjI1XkEyXkFqcGc@._V1_.jpg
159,Monty Python and the Holy Grail,"King Arthur and his Knights of the Round Table embark on a surreal, low-budget search for the Holy Grail, encountering many, very silly obstacles.",N/A,8.2,591225,PG,"Adventure, Comedy, Fantasy",PT1H31M,91,https://www.imdb.com/title/tt0071853/,tt0071853,https://m.media-amazon.com/images/M/MV5BYWY4YmUzZmUtMzQ0ZS00N2Y2LWJlODQtN2IwMDc1MWQwMmU3XkEyXkFqcGc@._V1_.jpg
160,The Elephant Man,"A Victorian surgeon rescues a heavily disfigured man who is mistreated while scraping a living as a side-show freak. Behind his monstrous façade, there is revealed a person of kindness, intelligence and sophistication.",N/A,8.2,274797,PG,"Biography, Drama",PT2H4M,124,https://www.imdb.com/title/tt0080678/,tt0080678,https://m.media-amazon.com/images/M/MV5BMGE3MDZhNmMtMmUxZS00MDJmLTgxYmQtOGU4ODU0Y2JmNDI1XkEyXkFqcGc@._V1_.jpg
161,Dial M for Murder,"A London playboy plots the perfect murder of his rich, unfaithful Wife.",N/A,8.2,199386,PG,"Crime, Drama, Mystery",PT1H45M,105,https://www.imdb.com/title/tt0046912/,tt0046912,https://m.media-amazon.com/images/M/MV5BZmYzNDgzYjgtNmU3Ny00YzUxLWE3OWUtMjIxZmNkYTVhNDZmXkEyXkFqcGc@._V1_.jpg
162,Klaus,"A simple act of kindness always sparks another, even in a frozen, faraway place. When Smeerensburg&apos;s new postman, Jesper, befriends toymaker Klaus, their gifts melt an age-old feud and deliver a sleigh full of holiday traditions.",N/A,8.2,217151,PG,"Animation, Adventure, Comedy",PT1H36M,96,https://www.imdb.com/title/tt4729430/,tt4729430,https://m.media-amazon.com/images/M/MV5BZDA4ODhlMzctNGRmYi00NmViLTkxZGYtZjRkNGQ5YzYwYWVlXkEyXkFqcGc@._V1_.jpg
163,Gone with the Wind,A sheltered and manipulative Southern belle and a roguish profiteer face off in a turbulent romance as the society around them crumbles with the end of slavery and is rebuilt during the Civil War and Reconstruction periods.,N/A,8.2,348602,G,"Drama, Romance, War",PT3H58M,238,https://www.imdb.com/title/tt0031381/,tt0031381,https://m.media-amazon.com/images/M/MV5BYmYxZTE3YzMtYmE2Yy00NmFlLTkzYTAtYTAzN2IzNDFkN2E0XkEyXkFqcGc@._V1_.jpg
164,Chinatown,"A private detective hired to expose an adulterer in 1930s Los Angeles finds himself caught up in a web of deceit, corruption, and murder.",N/A,8.1,367577,R,"Drama, Mystery, Thriller",PT2H10M,130,https://www.imdb.com/title/tt0071315/,tt0071315,https://m.media-amazon.com/images/M/MV5BNmRmZTE0NmUtZjhiZi00MzQ3LTk3ZjctN2Q3ODYzY2U3MDk3XkEyXkFqcGc@._V1_.jpg
165,El secreto de sus ojos,"A retired legal counselor writes a novel hoping to find closure for one of his past unresolved homicide cases, and for his unreciprocated love with his superior--both of which still haunt him decades later.",N/A,8.2,234720,R,"Drama, Mystery, Romance",PT2H9M,129,https://www.imdb.com/title/tt1305806/,tt1305806,https://m.media-amazon.com/images/M/MV5BMTgwNTI3OTczOV5BMl5BanBnXkFtZTcwMTM3MTUyMw@@._V1_.jpg
166,"Lock, Stock and Two Smoking Barrels","When four small-time criminals lose a rigged poker game against a London kingpin, he gives them one week to settle their enormous debt.",N/A,8.1,638006,R,"Comedy, Crime",PT1H47M,107,https://www.imdb.com/title/tt0120735/,tt0120735,https://m.media-amazon.com/images/M/MV5BMmY1M2M5ZmMtYzllZC00YzAxLTk4MjktZDJkNjA1MTUwMGQ4XkEyXkFqcGc@._V1_.jpg
167,Rashômon,"The rape of a bride and the murder of her samurai husband are recalled from the perspectives of a bandit, the bride, the samurai&apos;s ghost and a woodcutter.",N/A,8.2,191021,Not Rated,"Crime, Drama, Mystery",PT1H28M,88,https://www.imdb.com/title/tt0042876/,tt0042876,https://m.media-amazon.com/images/M/MV5BZDlkYjViMDAtYjkxNy00ZDk1LWE5MmUtNDc4NDU3ZWJmOTYzXkEyXkFqcGc@._V1_.jpg
168,V for Vendetta,"In a future British dystopian society, a shadowy freedom fighter, known only by the alias of &quot;V&quot;, plots to overthrow the tyrannical government - with the help of a young woman.",N/A,8.1,1220753,R,"Action, Drama, Sci-Fi",PT2H12M,132,https://www.imdb.com/title/tt0434409/,tt0434409,https://m.media-amazon.com/images/M/MV5BOTI5ODc3NzExNV5BMl5BanBnXkFtZTcwNzYxNzQzMw@@._V1_.jpg
169,Inside Out,"After young Riley is uprooted from her Midwest life and moved to San Francisco, her emotions - Joy, Fear, Anger, Disgust and Sadness - conflict on how best to navigate a new city, house, and school.",N/A,8.1,876165,PG,"Animation, Adventure, Comedy",PT1H35M,95,https://www.imdb.com/title/tt2096673/,tt2096673,https://m.media-amazon.com/images/M/MV5BOTgxMDQwMDk0OF5BMl5BanBnXkFtZTgwNjU5OTg2NDE@._V1_.jpg
170,"Three Billboards Outside Ebbing, Missouri",A mother personally challenges the local authorities to solve her daughter&apos;s murder when they fail to catch the culprit.,N/A,8.1,587408,R,"Comedy, Crime, Drama",PT1H55M,115,https://www.imdb.com/title/tt5027774/,tt5027774,https://m.media-amazon.com/images/M/MV5BMjI0ODcxNzM1N15BMl5BanBnXkFtZTgwMzIwMTEwNDI@._V1_.jpg
171,Catch Me If You Can,"Barely 17 yet, Frank is a skilled forger who has passed as a doctor, lawyer and pilot. FBI agent Carl becomes obsessed with tracking down the con man, who only revels in the pursuit.",N/A,8.1,1176970,PG-13,"Biography, Crime, Drama",PT2H21M,141,https://www.imdb.com/title/tt0264464/,tt0264464,https://m.media-amazon.com/images/M/MV5BMTY5MzYzNjc5NV5BMl5BanBnXkFtZTYwNTUyNTc2._V1_.jpg
172,Trainspotting,"Renton, deeply immersed in the Edinburgh drug scene, tries to clean up and get out despite the allure of drugs and the influence of friends.",N/A,8.1,753488,R,"Crime, Drama",PT1H33M,93,https://www.imdb.com/title/tt0117951/,tt0117951,https://m.media-amazon.com/images/M/MV5BYmVkNGJkMzQtYWQwOS00OTZmLThjODQtZjNjNzllYzRiNTE0XkEyXkFqcGc@._V1_.jpg
173,The Bridge on the River Kwai,"British POWs are forced to build a railway bridge across the river Kwai for their Japanese captors in occupied Burma, not knowing that the allied forces are planning a daring commando raid through the jungle to destroy it.",N/A,8.1,243658,PG,"Adventure, Drama, War",PT2H41M,161,https://www.imdb.com/title/tt0050212/,tt0050212,https://m.media-amazon.com/images/M/MV5BNzdkYmU2YmItNmZiYy00OWQyLTg0YWYtZmUxM2U3YTRiNTQ1XkEyXkFqcGc@._V1_.jpg
174,Raging Bull,"The life of boxer Jake LaMotta, whose violence and temper that led him to the top in the ring destroyed his life outside of it.",N/A,8.1,398142,R,"Biography, Drama, Sport",PT2H9M,129,https://www.imdb.com/title/tt0081398/,tt0081398,https://m.media-amazon.com/images/M/MV5BMjlkYmYyZWQtNTZkOS00ZjA0LWEwNWUtNzE2ZGNiYjg0MjA2XkEyXkFqcGc@._V1_.jpg
175,The Wild Robot,"After a shipwreck, an intelligent robot called Roz is stranded on an uninhabited island. To survive the harsh environment, Roz bonds with the island&apos;s animals and cares for an orphaned baby goose.",N/A,8.2,187583,PG,"Animation, Adventure, Family",PT1H42M,102,https://www.imdb.com/title/tt29623480/,tt29623480,https://m.media-amazon.com/images/M/MV5BZWNiZjVlZTUtNGUwYi00MjJmLTg2MDctNWEzYTJiMzY1ODc4XkEyXkFqcGc@._V1_.jpg
176,Fargo,Minnesota car salesman Jerry Lundegaard&apos;s inept crime falls apart due to his and his henchmen&apos;s bungling and the persistent police work of the quite pregnant Marge Gunderson.,N/A,8.1,761380,R,"Crime, Drama, Thriller",PT1H38M,98,https://www.imdb.com/title/tt0116282/,tt0116282,https://m.media-amazon.com/images/M/MV5BNjg4MWE0MjEtODFhNy00MjA5LTg5ODktMzgwNWFmZTAwNjBlXkEyXkFqcGc@._V1_.jpg
177,Harry Potter and the Deathly Hallows: Part 2,"As the battle between the forces of good and evil in the wizarding world escalates, Harry Potter draws ever closer to his final confrontation with Voldemort.",N/A,8.1,1005769,PG-13,"Adventure, Family, Fantasy",PT2H10M,130,https://www.imdb.com/title/tt1201607/,tt1201607,https://m.media-amazon.com/images/M/MV5BOTA1Mzc2N2ItZWRiNS00MjQzLTlmZDQtMjU0NmY1YWRkMGQ4XkEyXkFqcGc@._V1_.jpg
178,Warrior,"The youngest son of an alcoholic former boxer returns home, where he&apos;s trained by his father for competition in a mixed martial arts tournament - a path that puts the fighter on a collision course with his estranged, older brother.",N/A,8.1,517436,PG-13,"Action, Drama, Sport",PT2H20M,140,https://www.imdb.com/title/tt1291584/,tt1291584,https://m.media-amazon.com/images/M/MV5BMTk4ODk5MTMyNV5BMl5BanBnXkFtZTcwMDMyNTg0Ng@@._V1_.jpg
179,Gran Torino,"After a Hmong teenager tries to steal his prized 1972 Gran Torino, a disgruntled, prejudiced Korean War veteran seeks to redeem both the boy and himself.",N/A,8.1,843658,R,Drama,PT1H56M,116,https://www.imdb.com/title/tt1205489/,tt1205489,https://m.media-amazon.com/images/M/MV5BMTc5NTk2OTU1Nl5BMl5BanBnXkFtZTcwMDc3NjAwMg@@._V1_.jpg
180,Million Dollar Baby,"Frankie, an ill-tempered old coach, reluctantly agrees to train aspiring boxer Maggie. Impressed with her determination and talent, he helps her become the best and the two soon form a close bond.",N/A,8.1,750106,PG-13,"Drama, Sport",PT2H12M,132,https://www.imdb.com/title/tt0405159/,tt0405159,https://m.media-amazon.com/images/M/MV5BMTkxNzA1NDQxOV5BMl5BanBnXkFtZTcwNTkyMTIzMw@@._V1_.jpg
181,Ben-Hur,"A Jewish prince is betrayed and sent into slavery by a Roman friend in 1st-century Jerusalem, but it&apos;s not long before he regains his freedom and comes back for revenge.",N/A,8.1,265069,G,"Adventure, Drama",PT3H32M,212,https://www.imdb.com/title/tt0052618/,tt0052618,https://m.media-amazon.com/images/M/MV5BNjg2M2E1YzYtOThmMC00NjAyLWI5MzgtMDEwOGFiODdlOGUzXkEyXkFqcGc@._V1_.jpg
182,Mad Max: Fury Road,"In a post-apocalyptic wasteland, a woman rebels against a tyrannical ruler in search for her homeland with the aid of a group of female prisoners, a psychotic worshipper and a drifter named Max.",N/A,8.1,1173498,R,"Action, Adventure, Sci-Fi",PT2H,120,https://www.imdb.com/title/tt1392190/,tt1392190,https://m.media-amazon.com/images/M/MV5BZDRkODJhOTgtOTc1OC00NTgzLTk4NjItNDgxZDY4YjlmNDY2XkEyXkFqcGc@._V1_.jpg
183,Tonari no Totoro,"When two girls move to the country to be near their ailing mother, they have adventures with the wondrous forest spirits who live nearby.",N/A,8.1,412299,G,"Animation, Comedy, Family",PT1H26M,86,https://www.imdb.com/title/tt0096283/,tt0096283,https://m.media-amazon.com/images/M/MV5BYWM3MDE3YjEtMzIzZC00ODE5LTgxNTItNmUyMTBkM2M2NmNiXkEyXkFqcGc@._V1_.jpg
184,Barry Lyndon,An Irish rogue wins the heart of a rich widow and assumes her dead husband&apos;s aristocratic position in 18th-century England.,N/A,8.1,195552,PG,"Adventure, Drama, War",PT3H5M,185,https://www.imdb.com/title/tt0072684/,tt0072684,https://m.media-amazon.com/images/M/MV5BNmM2MGQ5Y2UtYzA3ZC00ZDJlLTkwNDYtMjBmZGExZDJiN2RlXkEyXkFqcGc@._V1_.jpg
185,Dead Poets Society,"Maverick teacher John Keating returns in 1959 to the prestigious New England boys&apos; boarding school where he was once a star student, using poetry to embolden his pupils to new heights of self-expression.",N/A,8.1,598185,PG,"Comedy, Drama",PT2H8M,128,https://www.imdb.com/title/tt0097165/,tt0097165,https://m.media-amazon.com/images/M/MV5BMDYwNGVlY2ItMWYxMS00YjZiLWE5MTAtYWM5NWQ2ZWJjY2Q3XkEyXkFqcGc@._V1_.jpg
186,Bacheha-ye aseman,"After a boy loses his sister&apos;s pair of shoes, he goes on a series of adventures in order to find them. When he can&apos;t, he tries a new way to &quot;win&quot; a new pair.",N/A,8.2,86790,PG,"Drama, Family, Sport",PT1H29M,89,https://www.imdb.com/title/tt0118849/,tt0118849,https://m.media-amazon.com/images/M/MV5BZWZlMjNhNzgtZGRhOS00Y2U5LThjOTctODNjZTI0ZTBiYzBhXkEyXkFqcGc@._V1_.jpg
187,Hacksaw Ridge,"World War II American Army Medic Desmond T. Doss, serving during the Battle of Okinawa, refuses to kill people and becomes the first man in American history to receive the Medal of Honor without firing a shot.",N/A,8.1,644667,R,"Biography, Drama, History",PT2H19M,139,https://www.imdb.com/title/tt2119532/,tt2119532,https://m.media-amazon.com/images/M/MV5BMjQ1NjM3MTUxNV5BMl5BanBnXkFtZTgwMDc5MTY5OTE@._V1_.jpg
188,Spider-Man: No Way Home,"With Spider-Man&apos;s identity now revealed, Peter asks Doctor Strange for help. When a spell goes wrong, dangerous foes from other worlds start to appear.",N/A,8.2,964319,PG-13,"Action, Adventure, Fantasy",PT2H28M,148,https://www.imdb.com/title/tt10872600/,tt10872600,https://m.media-amazon.com/images/M/MV5BMmFiZGZjMmEtMTA0Ni00MzA2LTljMTYtZGI2MGJmZWYzZTQ2XkEyXkFqcGc@._V1_.jpg
189,The Grand Budapest Hotel,"A writer encounters the owner of an aging high-class hotel, who tells him of his early years serving as a lobby boy in the hotel&apos;s glorious years under an exceptional concierge.",N/A,8.1,933990,R,"Comedy, Drama",PT1H39M,99,https://www.imdb.com/title/tt2278388/,tt2278388,https://m.media-amazon.com/images/M/MV5BMzM5NjUxOTEyMl5BMl5BanBnXkFtZTgwNjEyMDM0MDE@._V1_.jpg
190,12 Years a Slave,"In the antebellum United States, Solomon Northup, a free black man from upstate New York, is abducted and sold into slavery.",N/A,8.1,768694,R,"Biography, Drama, History",PT2H14M,134,https://www.imdb.com/title/tt2024544/,tt2024544,https://m.media-amazon.com/images/M/MV5BMjExMTEzODkyN15BMl5BanBnXkFtZTcwNTU4NTc4OQ@@._V1_.jpg
191,Before Sunrise,"A young man and woman meet on a train in Europe, and wind up spending one evening together in Vienna. Unfortunately, both know that this will probably be their only night together.",N/A,8.1,362583,R,"Comedy, Drama, Romance",PT1H41M,101,https://www.imdb.com/title/tt0112471/,tt0112471,https://m.media-amazon.com/images/M/MV5BZDZhZmI1ZTUtYWI3NC00NTMwLTk3NWMtNDc0OGNjM2I0ZjlmXkEyXkFqcGc@._V1_.jpg
192,Blade Runner,A blade runner must pursue and terminate four replicants who stole a ship in space and have returned to Earth to find their creator.,N/A,8.1,858589,R,"Action, Drama, Sci-Fi",PT1H57M,117,https://www.imdb.com/title/tt0083658/,tt0083658,https://m.media-amazon.com/images/M/MV5BOWQ4YTBmNTQtMDYxMC00NGFjLTkwOGQtNzdhNmY1Nzc1MzUxXkEyXkFqcGc@._V1_.jpg
193,Salinui chueok,"In a small Korean province in 1986, two detectives struggle with the case of multiple young women being found raped and murdered by an unknown culprit.",N/A,8.1,246166,Not Rated,"Crime, Drama, Mystery",PT2H12M,132,https://www.imdb.com/title/tt0353969/,tt0353969,https://m.media-amazon.com/images/M/MV5BYmRjOWE5NmMtYTdkYS00ODFlLWJiMTMtYzE2NDZlZjlkZDQ0XkEyXkFqcGc@._V1_.jpg
194,Gone Girl,The husband of a missing woman becomes the chief suspect in her disappearance.,N/A,8.1,1129532,R,"Drama, Mystery, Thriller",PT2H29M,149,https://www.imdb.com/title/tt2267998/,tt2267998,https://m.media-amazon.com/images/M/MV5BMTk0MDQ3MzAzOV5BMl5BanBnXkFtZTgwNzU1NzE3MjE@._V1_.jpg
195,Ratatouille,A rat who can cook makes an unusual alliance with a young kitchen worker at a famous Paris restaurant.,N/A,8.1,896083,G,"Animation, Adventure, Comedy",PT1H51M,111,https://www.imdb.com/title/tt0382932/,tt0382932,https://m.media-amazon.com/images/M/MV5BMTMzODU0NTkxMF5BMl5BanBnXkFtZTcwMjQ4MzMzMw@@._V1_.jpg
196,How to Train Your Dragon,"A hapless young Viking who aspires to hunt dragons becomes the unlikely friend of a young dragon himself, and learns there may be more to the creatures than he assumed.",N/A,8.1,857966,PG,"Animation, Action, Adventure",PT1H38M,98,https://www.imdb.com/title/tt0892769/,tt0892769,https://m.media-amazon.com/images/M/MV5BMjA5NDQyMjc2NF5BMl5BanBnXkFtZTcwMjg5ODcyMw@@._V1_.jpg
197,"Monsters, Inc.","In order to power the city, monsters have to scare children so that they scream. However, the children are toxic to the monsters, and after a child gets through, two monsters realize things may not be what they think.",N/A,8.1,1036122,G,"Animation, Adventure, Comedy",PT1H32M,92,https://www.imdb.com/title/tt0198781/,tt0198781,https://m.media-amazon.com/images/M/MV5BMTY1NTI0ODUyOF5BMl5BanBnXkFtZTgwNTEyNjQ0MDE@._V1_.jpg
198,In the Name of the Father,"An Irish man&apos;s coerced confession to an I.R.A. bombing he did not commit results in the imprisonment of his father as well. Meanwhile, a British lawyer fights to clear their names and free them.",N/A,8.1,197520,R,"Biography, Crime, Drama",PT2H13M,133,https://www.imdb.com/title/tt0107207/,tt0107207,https://m.media-amazon.com/images/M/MV5BMGZiZDVjNzYtZWM4ZC00MzVkLThhNDEtMDJlOTBhYzVjMmNhXkEyXkFqcGc@._V1_.jpg
199,Jaws,"When a massive killer shark unleashes chaos on a beach community off Long Island, it&apos;s up to the local police chief, a marine biologist, and an old seafarer to hunt the beast down.",N/A,8.1,705716,PG,"Adventure, Horror, Thriller",PT2H4M,124,https://www.imdb.com/title/tt0073195/,tt0073195,https://m.media-amazon.com/images/M/MV5BYjViNDQzNmUtYzkxZi00NTk5LTljMmItYjJlZmZkODIxNjU1XkEyXkFqcGc@._V1_.jpg
200,Relatos salvajes,Six short stories that explore the extremities of human behavior involving people in distress.,N/A,8.1,230622,R,"Comedy, Drama, Thriller",PT2H2M,122,https://www.imdb.com/title/tt3011894/,tt3011894,https://m.media-amazon.com/images/M/MV5BNzAzMjA1ODAxOV5BMl5BanBnXkFtZTgwODg4NTQzNDE@._V1_.jpg
201,The Gold Rush,"A prospector goes to the Klondike during the 1890s gold rush in hopes of making his fortune, and is smitten with a girl he sees in a dance hall.",N/A,8.1,125141,Approved,"Adventure, Comedy, Drama",PT1H35M,95,https://www.imdb.com/title/tt0015864/,tt0015864,https://m.media-amazon.com/images/M/MV5BNGU1NjYzYTAtZmY0YS00NWIzLTkzNzUtYzc2ZTIyOTIxZjVhXkEyXkFqcGc@._V1_.jpg
202,Ford v Ferrari,American car designer Carroll Shelby and driver Ken Miles battle corporate interference and the laws of physics to build a revolutionary race car for Ford in order to defeat Ferrari at the 24 Hours of Le Mans in 1966.,N/A,8.1,533368,PG-13,"Action, Biography, Drama",PT2H32M,152,https://www.imdb.com/title/tt1950186/,tt1950186,https://m.media-amazon.com/images/M/MV5BOTBjNTEyNjYtYjdkNi00YzE5LTljYzUtZjVlYmYwZmJmZWYxXkEyXkFqcGc@._V1_.jpg
203,Sherlock Jr.,"A film projectionist longs to be a detective, and puts his meagre skills to work when he is framed by a rival for stealing his girlfriend&apos;s father&apos;s pocketwatch.",N/A,8.2,62967,Passed,"Action, Comedy, Romance",PT45M,45,https://www.imdb.com/title/tt0015324/,tt0015324,https://m.media-amazon.com/images/M/MV5BMjQzM2E2NjYtYmRjMC00ZmVlLTljZTgtNmQ5MGZlNDYyZTc5XkEyXkFqcGc@._V1_.jpg
204,Mary and Max.,"In 1976 Melbourne, a lonely 8-year-old girl strikes up a correspondence with an unlikely pen pal: a severely obese 44-year-old New Yorker with Asperger&apos;s syndrome.",N/A,8.1,197403,Not Rated,"Animation, Comedy, Drama",PT1H32M,92,https://www.imdb.com/title/tt0978762/,tt0978762,https://m.media-amazon.com/images/M/MV5BNzY2Mjc4NjMtNGY4Mi00NzM5LTk3ZTQtN2VkNzVkMzRmM2Y2XkEyXkFqcGc@._V1_.jpg
205,The Deer Hunter,An in-depth examination of the ways in which the Vietnam War impacts and disrupts the lives of several friends in a small steel mill town in Pennsylvania.,N/A,8.1,377811,R,"Drama, War",PT3H3M,183,https://www.imdb.com/title/tt0077416/,tt0077416,https://m.media-amazon.com/images/M/MV5BZGI4YmVhMzMtMWExMS00MGZiLTg2MmItM2I2MWZjODAyM2U5XkEyXkFqcGc@._V1_.jpg
206,Le salaire de la peur,"In a decrepit South American village, four men are hired to transport an urgent nitroglycerine shipment without the equipment that would make it safe.",N/A,8.1,71244,Not Rated,"Adventure, Drama, Thriller",PT2H36M,156,https://www.imdb.com/title/tt0046268/,tt0046268,https://m.media-amazon.com/images/M/MV5BMDdhOGMwODQtZGM2MS00NGQxLWEyZDMtOTkzMjFjYjI3ZmM2XkEyXkFqcGc@._V1_.jpg
207,The General,"After being rejected by the Confederate military, not realizing it was due to his crucial civilian role, an engineer must single-handedly recapture his beloved locomotive after it is seized by Union spies and return it through ene...",N/A,8.1,103552,Passed,"Action, Adventure, Comedy",PT1H18M,78,https://www.imdb.com/title/tt0017925/,tt0017925,https://m.media-amazon.com/images/M/MV5BMTVhM2Y1MDUtMDkxYi00Y2UxLWI2MTMtZjMzYTY4ODM4MGIzXkEyXkFqcGc@._V1_.jpg
208,Mr. Smith Goes to Washington,"A naive youth leader is appointed to fill a vacancy in the U.S. Senate. His idealistic plans promptly collide with corruption at home and subterfuge from his hero in Washington, but he tries to forge ahead despite attacks on his c...",N/A,8.1,126847,Approved,"Comedy, Drama",PT2H9M,129,https://www.imdb.com/title/tt0031679/,tt0031679,https://m.media-amazon.com/images/M/MV5BMDU4ZjNmMjEtMjcxYi00NDAxLWFlMjQtNWIyNjg5NWUzNTdjXkEyXkFqcGc@._V1_.jpg
209,On the Waterfront,"An ex-prize fighter turned New Jersey longshoreman struggles to stand up to his corrupt union bosses, including his older brother, as he starts to connect with the grieving sister of one of the syndicate&apos;s victims.",N/A,8.1,173712,Approved,"Crime, Drama, Thriller",PT1H48M,108,https://www.imdb.com/title/tt0047296/,tt0047296,https://m.media-amazon.com/images/M/MV5BZDJlYTM1ZGYtZTM4YS00MzFhLThiZjktYzQ0ZjAzMGYwZTU3XkEyXkFqcGc@._V1_.jpg
210,Logan,"In a future where mutants are nearly extinct, an elderly and weary Logan leads a quiet life. But when Laura, a mutant child pursued by scientists, comes to him for help, he must get her to safety.",N/A,8.1,897240,R,"Action, Drama, Sci-Fi",PT2H17M,137,https://www.imdb.com/title/tt3315342/,tt3315342,https://m.media-amazon.com/images/M/MV5BM2JjODdkMGMtNmY2YS00OGM2LThiY2YtZGYyNzE4Nzc2ODA0XkEyXkFqcGc@._V1_.jpg
211,Smultronstället,"After living a life marked by coldness, an aging professor is forced to confront the emptiness of his existence.",N/A,8.1,121482,Not Rated,"Drama, Romance",PT1H32M,92,https://www.imdb.com/title/tt0050986/,tt0050986,https://m.media-amazon.com/images/M/MV5BZWQ5MDllM2EtZWRmNS00MmZiLWI4ZWQtMjRiY2Q5MTAxODY4XkEyXkFqcGc@._V1_.jpg
212,Rocky,A small-time Philadelphia boxer gets a supremely rare chance to fight the world heavyweight champion in a bout in which he strives to go the distance for his self-respect.,N/A,8.1,665379,PG,"Drama, Sport",PT2H,120,https://www.imdb.com/title/tt0075148/,tt0075148,https://m.media-amazon.com/images/M/MV5BZDEyY2M2MGMtYjg5OC00ZWFjLWFkZDQtNmQzZTdiYmYzZTBkXkEyXkFqcGc@._V1_.jpg
213,Tôkyô monogatari,"An old couple visit their children and grandchildren in the city, but receive little attention.",N/A,8.1,74901,Not Rated,Drama,PT2H17M,137,https://www.imdb.com/title/tt0046438/,tt0046438,https://m.media-amazon.com/images/M/MV5BODdkNzcxZjItMDU2Yy00Y2JlLWFkYTQtNzIwM2Q4MWU5MTU2XkEyXkFqcGc@._V1_.jpg
214,The Third Man,"Pulp novelist Holly Martins travels to shadowy, postwar Vienna, only to find himself investigating the mysterious death of an old friend, Harry Lime.",N/A,8.1,190888,Approved,"Drama, Film-Noir, Mystery",PT1H44M,104,https://www.imdb.com/title/tt0041959/,tt0041959,https://m.media-amazon.com/images/M/MV5BNGVjMTMxZTQtMmVlNy00YmI0LWJjMDUtYTgyZWU1Njg5ZGRiXkEyXkFqcGc@._V1_.jpg
215,Spotlight,"The true story of how the Boston Globe uncovered the massive scandal of child molestation and cover-up within the local Catholic Archdiocese, shaking the entire Catholic Church to its core.",N/A,8.1,522076,R,"Biography, Crime, Drama",PT2H9M,129,https://www.imdb.com/title/tt1895587/,tt1895587,https://m.media-amazon.com/images/M/MV5BMjIyOTM5OTIzNV5BMl5BanBnXkFtZTgwMDkzODE2NjE@._V1_.jpg
216,Maharaja,"A barber seeks vengeance after his home is burglarized, cryptically telling police his &quot;lakshmi&quot; has been taken, leaving them uncertain if it&apos;s a person or object. His quest to recover the elusive &quot;lakshmi&quot; unfolds.",N/A,8.4,71695,N/A,"Action, Crime, Drama",PT2H21M,141,https://www.imdb.com/title/tt26548265/,tt26548265,https://m.media-amazon.com/images/M/MV5BOTFlMTIxOGItZTk0Zi00MTk2LWJiM2UtMzlhZWYzNjQ4N2Y3XkEyXkFqcGc@._V1_.jpg
217,Pirates of the Caribbean: The Curse of the Black Pearl,"Blacksmith Will Turner teams up with eccentric pirate &quot;Captain&quot; Jack Sparrow to save Elizabeth Swann, the governor&apos;s daughter and his love, from Jack&apos;s former pirate allies, who are now undead.",N/A,8.1,1276610,PG-13,"Action, Adventure, Fantasy",PT2H23M,143,https://www.imdb.com/title/tt0325980/,tt0325980,https://m.media-amazon.com/images/M/MV5BNDhlMzEyNzItMTA5Mi00YWRhLThlNTktYTQyMTA0MDIyNDEyXkEyXkFqcGc@._V1_.jpg
218,The Terminator,A cyborg assassin from the future attempts to find and kill a young woman who is destined to give birth to a warrior that will lead a resistance to save humankind from extinction.,N/A,8.1,971705,R,"Action, Adventure, Sci-Fi",PT1H47M,107,https://www.imdb.com/title/tt0088247/,tt0088247,https://m.media-amazon.com/images/M/MV5BZmE0YzIxM2QtMGNlMi00MjRmLWE3MWMtOWQzMGVjMmU0YTFmXkEyXkFqcGc@._V1_.jpg
219,The Big Lebowski,"Jeff &quot;The Dude&quot; Lebowski, mistaken for a millionaire of the same name, seeks restitution for his ruined rug and enlists his bowling buddies to help get it.",N/A,8.1,895407,R,"Comedy, Crime",PT1H57M,117,https://www.imdb.com/title/tt0118715/,tt0118715,https://m.media-amazon.com/images/M/MV5BY2E3OWQ5OWYtYTRkMC00NjVjLWIzZDQtNmRmM2ZiYTIyYmYxXkEyXkFqcGc@._V1_.jpg
220,Det sjunde inseglet,"A knight returning to Sweden after the Crusades seeks answers about life, death, and the existence of God as he plays chess against the Grim Reaper during the Black Plague.",N/A,8.1,210291,Not Rated,"Drama, Fantasy",PT1H36M,96,https://www.imdb.com/title/tt0050976/,tt0050976,https://m.media-amazon.com/images/M/MV5BZDlmYTkzOWUtODQ0MS00MmM4LWE3ZjMtYTEwNGUwMmJkYzIxXkEyXkFqcGc@._V1_.jpg
221,La haine,24 hours in the lives of three young men in the French suburbs the day after a violent riot.,N/A,8.1,214500,Not Rated,"Crime, Drama",PT1H38M,98,https://www.imdb.com/title/tt0113247/,tt0113247,https://m.media-amazon.com/images/M/MV5BMThlMDA3NDYtZGM2Zi00NmJhLThlYWItZjViZTkzZWU1ZWRiXkEyXkFqcGc@._V1_.jpg
222,Room,"A little boy is held captive in a room with his mother since his birth, so he has never known the world outside.",N/A,8.1,470423,R,"Drama, Thriller",PT1H58M,118,https://www.imdb.com/title/tt3170832/,tt3170832,https://m.media-amazon.com/images/M/MV5BMjE4NzgzNzEwMl5BMl5BanBnXkFtZTgwMTMzMDE0NjE@._V1_.jpg
223,Jai Bhim,"When a tribal man is arrested for a case of alleged theft, his wife turns to a human-rights lawyer to help bring justice.",N/A,8.6,227743,Approved,"Crime, Drama",PT2H44M,164,https://www.imdb.com/title/tt15097216/,tt15097216,https://m.media-amazon.com/images/M/MV5BZjEyNDIzNmEtMjdkYS00ZDAwLTljOWYtNDRhYTVhYTlmOTk1XkEyXkFqcGc@._V1_.jpg
224,Hotel Rwanda,"Paul Rusesabagina, a hotel manager, houses over a thousand Tutsi refugees during their struggle against the Hutu militia in Rwanda, Africa.",N/A,8.1,385497,PG-13,"Biography, Drama, History",PT2H1M,121,https://www.imdb.com/title/tt0395169/,tt0395169,https://m.media-amazon.com/images/M/MV5BY2FmMWRmZmQtN2IzMS00OGVmLWFmNjktMTM0YWQzODcwYTEwXkEyXkFqcGc@._V1_.jpg
225,Platoon,"Chris Taylor, a neophyte recruit in Vietnam, finds himself caught in a battle of wills between two sergeants, one good and the other evil. A shrewd examination of the brutality of war and the duality of man in conflict.",N/A,8.1,459166,R,"Drama, War",PT2H,120,https://www.imdb.com/title/tt0091763/,tt0091763,https://m.media-amazon.com/images/M/MV5BZjE4YjllODAtZGMxZS00Mjg2LThkOWUtZjNkMjQ5YThiNDU4XkEyXkFqcGc@._V1_.jpg
226,The Best Years of Our Lives,"Three World War II veterans, two of them traumatized or disabled, return home to the American Midwest to discover that they and their families have been irreparably changed.",N/A,8.1,75380,Approved,"Drama, Romance, War",PT2H50M,170,https://www.imdb.com/title/tt0036868/,tt0036868,https://m.media-amazon.com/images/M/MV5BNTgxMzUyODQtMDJmZC00ZGMyLWI3MzAtZTYwYjBjZjFmMzIxXkEyXkFqcGc@._V1_.jpg
227,Before Sunset,"Nine years after Jesse and Celine first met, they encounter each other again on the French leg of Jesse&apos;s book tour.",N/A,8.1,304683,R,"Drama, Romance",PT1H20M,80,https://www.imdb.com/title/tt0381681/,tt0381681,https://m.media-amazon.com/images/M/MV5BMTQ1MjAwNTM5Ml5BMl5BanBnXkFtZTYwNDM0MTc3._V1_.jpg
228,The Sound of Music,A young novice is sent by her convent in 1930s Austria to become a governess to the seven children of a widowed naval officer.,N/A,8.1,279025,G,"Biography, Drama, Family",PT2H52M,172,https://www.imdb.com/title/tt0059742/,tt0059742,https://m.media-amazon.com/images/M/MV5BYWJhYmU4MjQtZDJhYi00ZGVjLTlkNTEtNzkzNGVjOWQ3MjcwXkEyXkFqcGc@._V1_.jpg
229,The Exorcist,"When a mysterious entity possesses a young girl, her mother seeks the help of two Catholic priests to save her life.",N/A,8.1,481554,R,Horror,PT2H2M,122,https://www.imdb.com/title/tt0070047/,tt0070047,https://m.media-amazon.com/images/M/MV5BZjg3YjE4ZjAtYTdmYS00ZTBkLWE1ZjgtNzAzODUwNzRiYjlmXkEyXkFqcGc@._V1_.jpg
230,The Incredibles,"While trying to lead a quiet suburban life, a family of undercover superheroes are forced into action to save the world.",N/A,8.0,862992,PG,"Animation, Action, Adventure",PT1H55M,115,https://www.imdb.com/title/tt0317705/,tt0317705,https://m.media-amazon.com/images/M/MV5BMTY5OTU0OTc2NV5BMl5BanBnXkFtZTcwMzU4MDcyMQ@@._V1_.jpg
231,The Wizard of Oz,"Young Dorothy Gale and her dog Toto are swept away by a tornado from their Kansas farm to the magical Land of Oz and embark on a quest with three new friends to see the Wizard, who can return her to her home and fulfill the others...",N/A,8.1,453564,G,"Adventure, Family, Fantasy",PT1H42M,102,https://www.imdb.com/title/tt0032138/,tt0032138,https://m.media-amazon.com/images/M/MV5BYWRmY2I0MGItYTQ0OC00NWZmLWIwMDktYjJlNDc0MzVhMmViXkEyXkFqcGc@._V1_.jpg
232,Hachi: A Dog&apos;s Tale,"Professor Wilson discovers a lost Akita puppy on his way home. Despite objections from his wife, Hachi endears himself to the family and grows to be Parker&apos;s loyal companion. As their bond grows deeper, a beautiful relationship un...",N/A,8.1,331051,G,"Biography, Drama, Family",PT1H33M,93,https://www.imdb.com/title/tt1028532/,tt1028532,https://m.media-amazon.com/images/M/MV5BNTU5NjYyYTgtZGQ3My00MzRhLThjNGYtZmVjN2JjYjhkMjhhXkEyXkFqcGc@._V1_.jpg
233,Rush,"James Hunt and Niki Lauda, two extremely skilled Formula One racers, have an intense rivalry with each other. However, it is their enmity that pushes them to their limits.",N/A,8.1,540170,R,"Biography, Drama, Sport",PT2H3M,123,https://www.imdb.com/title/tt1979320/,tt1979320,https://m.media-amazon.com/images/M/MV5BMTZhOGQxM2ItNGQyYy00YzE5LWI5MjMtNmMzNGQzNDE1OTUzXkEyXkFqcGc@._V1_.jpg
234,La passion de Jeanne d&apos;Arc,"In 1431, Jeanne d&apos;Arc is placed on trial on charges of heresy, and the ecclesiastical jurists attempt to force her to recant her claims of holy visions.",N/A,8.1,65815,Passed,"Biography, Drama, History",PT1H54M,114,https://www.imdb.com/title/tt0019254/,tt0019254,https://m.media-amazon.com/images/M/MV5BNTE1MDliZjgtYTU2Yy00YjAxLTljYTItNDE2ZGYwYTY1MGQ1XkEyXkFqcGc@._V1_.jpg
235,Stand by Me,A writer recounts a childhood journey with his friends to find the body of a missing boy.,N/A,8.1,468402,R,"Adventure, Comedy, Drama",PT1H29M,89,https://www.imdb.com/title/tt0092005/,tt0092005,https://m.media-amazon.com/images/M/MV5BNGJkNTUwM2MtZWE2MS00YjNkLWE3MjktNWQwZDQxMDIyZWVmXkEyXkFqcGc@._V1_.jpg
236,Babam ve Oglum,The family of a left-wing journalist is torn apart after the military coup of Turkey in 1980.,N/A,8.2,98124,Not Rated,"Drama, Family",PT1H52M,112,https://www.imdb.com/title/tt0476735/,tt0476735,https://m.media-amazon.com/images/M/MV5BZDE3MTBkNmQtNGFjMC00YTcwLWExY2ItN2MyMGZkNWJlMmFmXkEyXkFqcGc@._V1_.jpg
237,Koe no katachi,"A deaf girl, Shoko, is bullied by the popular Shoya. As Shoya continues to bully Shoko, the class turns its back on him. Shoko transfers and Shoya grows up as an outcast. Alone and depressed, the regretful Shoya finds Shoko to mak...",N/A,8.1,124618,Not Rated,"Animation, Drama",PT2H10M,130,https://www.imdb.com/title/tt5323662/,tt5323662,https://m.media-amazon.com/images/M/MV5BOTFiNzRiOWEtYTQwNy00NmRiLWE0ZWYtNTE0YjExZjFmZjkwXkEyXkFqcGc@._V1_.jpg
238,The Iron Giant,A young boy befriends a giant robot from outer space that a paranoid government agent wants to destroy.,N/A,8.1,247735,PG,"Animation, Action, Adventure",PT1H26M,86,https://www.imdb.com/title/tt0129167/,tt0129167,https://m.media-amazon.com/images/M/MV5BODM4ZjZjMGEtYmFiMy00MThjLWIzZjUtMDU0ODg1NTI2MzIwXkEyXkFqcGc@._V1_.jpg
239,Network,"A television network cynically exploits a deranged former anchor&apos;s ravings and revelations about mass media for its own profit, but finds that his message may be difficult to control.",N/A,8.1,180827,R,Drama,PT2H1M,121,https://www.imdb.com/title/tt0074958/,tt0074958,https://m.media-amazon.com/images/M/MV5BY2E4ZGJiNTMtZTAxZC00MmVlLWI1NjYtMGVhMjhkOGEwZDhjXkEyXkFqcGc@._V1_.jpg
240,Ah-ga-ssi,"In 1930s Korea, a girl is hired as a handmaiden to a Japanese heiress who lives a secluded life on a countryside estate. But the maid has a secret: She is a pickpocket recruited by a swindler to help seduce the Lady and steal her ...",N/A,8.1,191066,Not Rated,"Drama, Romance, Thriller",PT2H25M,145,https://www.imdb.com/title/tt4016934/,tt4016934,https://m.media-amazon.com/images/M/MV5BOTllZDI1OGItOGUxNS00OGZhLWIzMjAtYzllZTY1YTA0ZmYwXkEyXkFqcGc@._V1_.jpg
241,La battaglia di Algeri,"In the 1950s, fear and violence escalate as the people of Algiers fight for independence from the French government.",N/A,8.1,71884,Not Rated,"Drama, War",PT2H1M,121,https://www.imdb.com/title/tt0058946/,tt0058946,https://m.media-amazon.com/images/M/MV5BMTY2Mjk0OGEtYTM3Yy00ZWZiLWFhNjAtNGExMjEzNGVmMDMxXkEyXkFqcGc@._V1_.jpg
242,The Grapes of Wrath,"An Oklahoma family, driven off their farm by the poverty and hopelessness of the Dust Bowl, joins the westward migration to California, suffering the misfortunes of the homeless in the Great Depression.",N/A,8.1,105920,Approved,Drama,PT2H9M,129,https://www.imdb.com/title/tt0032551/,tt0032551,https://m.media-amazon.com/images/M/MV5BZDgzZjk3OGYtNWI2Ny00MDg3LTgwYWEtNjI1ODAxNjA3ZmFlXkEyXkFqcGc@._V1_.jpg
243,To Be or Not to Be,"During the German occupation of Poland, an acting troupe becomes embroiled in a Polish soldier&apos;s efforts to track down a German spy.",N/A,8.1,47687,Approved,"Comedy, Romance, War",PT1H39M,99,https://www.imdb.com/title/tt0035446/,tt0035446,https://m.media-amazon.com/images/M/MV5BMTA5OTRkZGUtNDhhOS00OThmLTgwZWYtZGZkM2M4YjZhNzc5XkEyXkFqcGc@._V1_.jpg
244,Into the Wild,"After graduating from Emory University, top student and athlete Christopher McCandless abandons his possessions, gives his entire $24,000 savings account to charity and hitchhikes to Alaska to live in the wilderness.",N/A,8.0,682604,R,"Adventure, Biography, Drama",PT2H28M,148,https://www.imdb.com/title/tt0758758/,tt0758758,https://m.media-amazon.com/images/M/MV5BNTgwZTJhNWMtNzVjMy00YzQzLWI4MTAtYmJhOGQ5ZmQ3MDM0XkEyXkFqcGc@._V1_.jpg
245,Groundhog Day,"A narcissistic, self-centered weatherman finds himself in a time loop on Groundhog Day.",N/A,8.0,721179,PG,"Comedy, Drama, Fantasy",PT1H41M,101,https://www.imdb.com/title/tt0107048/,tt0107048,https://m.media-amazon.com/images/M/MV5BOWE3MjQ3ZDAtNDQ2MC00YjBjLTk0ZWYtNjQ0YzQ4YWE3YTEyXkEyXkFqcGc@._V1_.jpg
246,The Help,"An aspiring author during the civil rights movement of the 1960s decides to write a book detailing the African American maids&apos; point of view on the white families for which they work, and the hardships they go through on a daily b...",N/A,8.1,516227,PG-13,Drama,PT2H26M,146,https://www.imdb.com/title/tt1454029/,tt1454029,https://m.media-amazon.com/images/M/MV5BMTM5OTMyMjIxOV5BMl5BanBnXkFtZTcwNzU4MjIwNQ@@._V1_.jpg
247,Gangs of Wasseypur,"A clash between Sultan and Shahid Khan leads to the expulsion of Khan from Wasseypur, and ignites a deadly blood feud spanning three generations.",N/A,8.2,108925,Not Rated,"Action, Comedy, Crime",PT5H21M,321,https://www.imdb.com/title/tt1954470/,tt1954470,https://m.media-amazon.com/images/M/MV5BMTc5NjY4MjUwNF5BMl5BanBnXkFtZTgwODM3NzM5MzE@._V1_.jpg
248,Drishyam,"Desperate measures are taken by a man who tries to save his family from the dark side of the law, after they commit an unexpected crime.",N/A,8.2,102612,Not Rated,"Crime, Drama, Mystery",PT2H43M,163,https://www.imdb.com/title/tt4430212/,tt4430212,https://m.media-amazon.com/images/M/MV5BM2NmMGFjYTYtNWEwNS00MTM4LWE2ZTktNzZjMTE0OTQyNjFiXkEyXkFqcGc@._V1_.jpg
249,Höstsonaten,"A devoted wife is visited by her mother, a successful concert pianist who had little time for her when she was young.",N/A,8.1,40390,PG,"Drama, Music",PT1H39M,99,https://www.imdb.com/title/tt0077711/,tt0077711,https://m.media-amazon.com/images/M/MV5BNTg1MzJiNTYtZjcyNS00NDE5LWE0N2ItMGIxM2Y2ZDMyYjJjXkEyXkFqcGc@._V1_.jpg
250,Gekijô-ban Kimetsu no Yaiba Mugen Ressha-hen,"After his family was brutally murdered and his sister turned into a demon, Tanjiro Kamado&apos;s journey as a demon slayer began. Tanjiro and his comrades embark on a new mission aboard the Mugen Train, on track to despair.",N/A,8.2,86197,TV-MA,"Animation, Action, Adventure",PT1H57M,117,https://www.imdb.com/title/tt11032374/,tt11032374,https://m.media-amazon.com/images/M/MV5BNzEzYjhkYTctMWNmZS00MTc5LWI4OWUtZjFkNzNkYTNkMTJlXkEyXkFqcGc@._V1_.jpg
